CL State,CL Region,CL District,Housing Category,Title,URL,Date Posted,Time Posted,Price,Location,Area
California,sfbay,eby,rooms & shares,**SE RENTA CUARTO $750 TODOS BILLS INCLUDED*** ROOM FOR RENT $750**,https://sfbay.craigslist.org/eby/roo/d/antioch-se-renta-cuarto-750-todos-bills/6966286037.html,2019-09-11,16:48,750.0,pittsburg / antioch,None
California,sfbay,sfc,rooms & shares,$900 1 BDR For Rent,https://sfbay.craigslist.org/sfc/roo/d/san-francisco-bdr-for-rent/6970997331.html,2019-09-11,16:03,900.0,sunset / parkside,None
California,sfbay,sby,rooms & shares,NICE ROOM FOR RENT IN MILPITAS,https://sfbay.craigslist.org/sby/roo/d/milpitas-nice-room-for-rent-in-milpitas/6958601866.html,2019-09-11,16:40,750.0,milpitas,160ft2
California,sfbay,sby,rooms & shares,TWO SUPER NICE ROOMS AVAILABLE ($750 Each),https://sfbay.craigslist.org/sby/roo/d/milpitas-two-super-nice-rooms-available/6961817580.html,2019-09-11,16:40,750.0,milpitas,140ft2
California,sfbay,sby,rooms & shares,"Comfortable, friendly home to share",https://sfbay.craigslist.org/sby/roo/d/comfortable-friendly-home-to-share/6970035280.html,2019-09-11,16:28,750.0,san jose east,None
California,sfbay,scz,rooms & shares,Downtown Room for Fall Quarter,https://sfbay.craigslist.org/scz/roo/d/santa-cruz-downtown-room-for-fall/6975086634.html,2019-09-11,16:43,750.0,santa cruz,None
California,sfbay,scz,rooms & shares,large Bonny Doon room with sleeping loft,https://sfbay.craigslist.org/scz/roo/d/large-bonny-doon-room-with-sleeping-loft/6976704627.html,2019-09-11,16:35,675.0,santa cruz,235ft2
California,sfbay,sby,rooms & shares,Room with Utilities but no Parking,https://sfbay.craigslist.org/sby/roo/d/san-jose-room-with-utilities-but-no/6976669239.html,2019-09-11,15:59,775.0,san jose east,100ft2
California,sfbay,sby,rooms & shares,Room Available Now near SJSU,https://sfbay.craigslist.org/sby/roo/d/san-jose-room-available-now-near-sjsu/6976675931.html,2019-09-11,15:49,500.0,san jose downtown,None
California,sfbay,sby,rooms & shares,Furnished toom for rent in San jose,https://sfbay.craigslist.org/sby/roo/d/san-jose-furnished-toom-for-rent-in-san/6970743600.html,2019-09-11,15:21,800.0,san jose east,130ft2
California,sfbay,sby,rooms & shares,單房出租 -乾淨舒適,https://sfbay.craigslist.org/sby/roo/d/san-jose/6969375941.html,2019-09-11,15:19,800.0,san jose west,None
California,sfbay,sby,rooms & shares,Available Now!! Large furnished room.Free all utilities.,https://sfbay.craigslist.org/sby/roo/d/san-jose-available-now-large-furnished/6976652931.html,2019-09-11,15:15,800.0,san jose east,160ft2
California,sfbay,nby,rooms & shares,Room in 3 Bed 1.5 Bath Condo (Commuter Location),https://sfbay.craigslist.org/nby/roo/d/novato-room-in-3-bed-15-bath-condo/6976596693.html,2019-09-11,14:03,800.0,novato,None
California,sfbay,sfc,rooms & shares,Room on TI,https://sfbay.craigslist.org/sfc/roo/d/san-francisco-room-on-ti/6976625370.html,2019-09-11,14:39,875.0,treasure island,300ft2
California,sfbay,sfc,rooms & shares,"Furnished room for rent, near SFSU, CCSF, Bart, Muni, Freeway",https://sfbay.craigslist.org/sfc/roo/d/daly-city-furnished-room-for-rent-near/6976620139.html,2019-09-11,14:32,875.0,ingleside / sfsu / ccsf,80ft2
California,sfbay,sby,rooms & shares,Single House has a room for rent $650/month,https://sfbay.craigslist.org/sby/roo/d/san-jose-single-house-has-room-for-rent/6971502378.html,2019-09-11,14:14,650.0,san jose north,None
California,sfbay,eby,rooms & shares,seeking young professional roommate,https://sfbay.craigslist.org/eby/roo/d/antioch-seeking-young-professional/6976585846.html,2019-09-11,13:50,600.0,pittsburg / antioch,None
California,sfbay,eby,rooms & shares,Room w/Pvt Bath for Professional Female near Kaiser Hospital,https://sfbay.craigslist.org/eby/roo/d/antioch-room-pvt-bath-for-professional/6965354259.html,2019-09-11,13:43,750.0,pittsburg / antioch,120ft2
California,sfbay,sby,rooms & shares,Rento cuarto,https://sfbay.craigslist.org/sby/roo/d/san-jose-rento-cuarto/6976585328.html,2019-09-11,13:49,800.0,san jose downtown,None
California,sfbay,sby,rooms & shares,Newly renovated Room for rent with new bathroom,https://sfbay.craigslist.org/sby/roo/d/san-jose-newly-renovated-room-for-rent/6976555091.html,2019-09-11,13:15,750.0,san jose south,121ft2
California,sfbay,sby,rooms & shares,$700 - Room For Rent in Shared 3bd Townhouse (milpitas),https://sfbay.craigslist.org/sby/roo/d/milpitas-room-for-rent-in-shared-3bd/6962720908.html,2019-09-11,13:11,700.0,milpitas,100ft2
California,sfbay,nby,rooms & shares,Room for Rent $750,https://sfbay.craigslist.org/nby/roo/d/forest-knolls-room-for-rent-750/6969438551.html,2019-09-11,12:31,750.0,west marin,85ft2
California,sfbay,sfc,rooms & shares,One bedroom available in apartment,https://sfbay.craigslist.org/sfc/roo/d/san-francisco-one-bedroom-available-in/6971413578.html,2019-09-11,12:51,800.0,excelsior / outer mission,None
California,sfbay,sby,rooms & shares,Furnished Room Available NOW... All utilities included,https://sfbay.craigslist.org/sby/roo/d/san-jose-furnished-room-available-now/6976528157.html,2019-09-11,12:43,800.0,san jose east,160ft2
California,sfbay,sfc,rooms & shares,Quiet room in Bernal Heights San Francisco (furnished),https://sfbay.craigslist.org/sfc/roo/d/san-francisco-quiet-room-in-bernal/6973903041.html,2019-09-11,11:32,895.0,bernal heights,115ft2
California,sfbay,sfc,rooms & shares,Female Roommate Wanted/Very Nice and Clean/Bright Room Facing Garden,https://sfbay.craigslist.org/sfc/roo/d/san-francisco-female-roommate-wanted/6976438183.html,2019-09-11,11:07,890.0,sunset / parkside,None
California,sfbay,sby,rooms & shares,large room available,https://sfbay.craigslist.org/sby/roo/d/san-jose-large-room-available/6976475475.html,2019-09-11,11:45,800.0,san jose east,250ft2
California,sfbay,sby,rooms & shares,1 bedroom with shared bath,https://sfbay.craigslist.org/sby/roo/d/san-jose-1-bedroom-with-shared-bath/6970704836.html,2019-09-11,11:01,800.0,san jose north,115ft2
California,sfbay,eby,rooms & shares,*★★*Union City房间出租*★★*,https://sfbay.craigslist.org/eby/roo/d/fremont-union-city/6971285090.html,2019-09-11,10:53,720.0,fremont / union city / newark,None
California,sfbay,eby,rooms & shares,"private room ,share bath",https://sfbay.craigslist.org/eby/roo/d/fremont-private-room-share-bath/6976411514.html,2019-09-11,10:40,750.0,fremont / union city / newark,None
California,sfbay,eby,rooms & shares,"Room for Rent Concord,Ca",https://sfbay.craigslist.org/eby/roo/d/concord-room-for-rent-concordca/6976396890.html,2019-09-11,10:26,650.0,concord / pleasant hill / martinez,None
California,sfbay,nby,rooms & shares,Private Room w/Shared BR Available Immediately in NW Santa Rosa $750 +,https://sfbay.craigslist.org/nby/roo/d/private-room-shared-br-available/6976427026.html,2019-09-11,10:55,750.0,santa rosa,None
California,sfbay,nby,rooms & shares,Room for rent in an awesome household!,https://sfbay.craigslist.org/nby/roo/d/rohnert-park-room-for-rent-in-an/6976388443.html,2019-09-11,10:16,800.0,rohnert pk / cotati,None
California,sfbay,nby,rooms & shares,"Unfurnished room in lovely, spacious home",https://sfbay.craigslist.org/nby/roo/d/rohnert-park-unfurnished-room-in-lovely/6976386289.html,2019-09-11,10:14,800.0,rohnert pk / cotati,None
California,sfbay,sby,rooms & shares,Good Place with Other Good People,https://sfbay.craigslist.org/sby/roo/d/campbell-good-place-with-other-good/6976421034.html,2019-09-11,10:49,800.0,campbell,121ft2
California,sfbay,sby,rooms & shares,Room For Rent,https://sfbay.craigslist.org/sby/roo/d/san-jose-room-for-rent/6974746486.html,2019-09-11,10:48,550.0,san jose downtown,None
California,sfbay,sby,rooms & shares,Furnished Room in a house- South Fremont,https://sfbay.craigslist.org/sby/roo/d/milpitas-furnished-room-in-house-south/6976415056.html,2019-09-11,10:43,750.0,south fremont,None
California,sfbay,sby,rooms & shares,Nice room for rent 舒适单人房出租可即时入住,https://sfbay.craigslist.org/sby/roo/d/milpitas-nice-room-for-rent/6976403038.html,2019-09-11,10:31,650.0,milpitas,None
California,sfbay,sby,rooms & shares,Room for rent 雅房出租交通方便,https://sfbay.craigslist.org/sby/roo/d/san-jose-room-for-rent/6976402912.html,2019-09-11,10:31,650.0,san jose north,None
California,sfbay,sby,rooms & shares,A Long Distance Commuter's Dream Room - N. Willow Glen,https://sfbay.craigslist.org/sby/roo/d/san-jose-long-distance-commuters-dream/6967604458.html,2019-09-11,10:05,535.0,central san jose,125ft2
California,sfbay,eby,rooms & shares,Victorian water view bedroom utilities included available NOW,https://sfbay.craigslist.org/eby/roo/d/vallejo-victorian-water-view-bedroom/6976344863.html,2019-09-11,09:32,625.0,vallejo / benicia,3000ft2
California,sfbay,eby,rooms & shares,Room for 1 young adult,https://sfbay.craigslist.org/eby/roo/d/pittsburg-room-for-1-young-adult/6968977609.html,2019-09-11,09:19,700.0,pittsburg / antioch,None
California,sfbay,nby,rooms & shares,2 Rooms w/ Private Bathroom Available in American Canyon! $750 EACH,https://sfbay.craigslist.org/nby/roo/d/vallejo-2-rooms-private-bathroom/6976345089.html,2019-09-11,09:32,750.0,napa county,None
California,sfbay,sfc,rooms & shares,"Working Professionals, INTERNATIONAL STUDENTS",https://sfbay.craigslist.org/sfc/roo/d/san-francisco-working-professionals/6976317976.html,2019-09-11,09:58,800.0,downtown / civic / van ness,None
California,sfbay,sfc,rooms & shares,"Live in SF's best! sunny garden apt, 1 roommate LGBTQ",https://sfbay.craigslist.org/sfc/roo/d/san-francisco-live-in-sfs-best-sunny/6976352507.html,2019-09-11,09:51,900.0,bernal heights,300ft2
California,sfbay,sfc,rooms & shares,* Private Room in 3 Bedroom 2 Story Home w/Back Yard & Parking *,https://sfbay.craigslist.org/sfc/roo/d/san-francisco-private-room-in-3-bedroom/6964681291.html,2019-09-11,09:10,900.0,excelsior / outer mission,1600ft2
California,sfbay,sfc,rooms & shares,viewing  11 am-6pm..Sept. 14. Ccsf and sfsu  are close by,https://sfbay.craigslist.org/sfc/roo/d/san-francisco-viewing-11-am-6pmsept-14/6976310057.html,2019-09-11,09:06,800.0,sunset / parkside,800ft2
California,sfbay,sfc,rooms & shares,"close to Sfsu, viewing  Monday at 11am -2pm. Sept. 14~~~~~",https://sfbay.craigslist.org/sfc/roo/d/san-francisco-close-to-sfsu-viewing/6976310744.html,2019-09-11,09:06,800.0,sunset / parkside,800ft2
California,sfbay,sby,rooms & shares,Furnished Room in a Quiet Neighborhood,https://sfbay.craigslist.org/sby/roo/d/milpitas-furnished-room-in-quiet/6972493498.html,2019-09-11,09:27,745.0,milpitas,140ft2
California,sfbay,scz,rooms & shares,1 Bedroom Available Now,https://sfbay.craigslist.org/scz/roo/d/boulder-creek-1-bedroom-available-now/6976335492.html,2019-09-11,09:22,750.0,boulder creek,None
California,sfbay,eby,rooms & shares,带家具雅房出租，近 880,https://sfbay.craigslist.org/eby/roo/d/union-city-880/6974533618.html,2019-09-11,08:17,700.0,fremont / union city / newark,120ft2
California,sfbay,nby,rooms & shares,Rooms for rent 650,https://sfbay.craigslist.org/nby/roo/d/penngrove-rooms-for-rent-650/6968592489.html,2019-09-11,08:37,650.0,rohnert pk / cotati,None
California,sfbay,sby,rooms & shares,"CLEAN, QUIET, SAFE, FRIENDLY",https://sfbay.craigslist.org/sby/roo/d/san-jose-clean-quiet-safe-friendly/6974706358.html,2019-09-11,08:36,775.0,san jose,120ft2
California,sfbay,sby,rooms & shares,$750 1 room for rent $700,https://sfbay.craigslist.org/sby/roo/d/san-jose-room-for-rent-700/6976275896.html,2019-09-11,08:19,750.0,san jose north,None
California,sfbay,eby,rooms & shares,Furnished private room in single house including internet and utility,https://sfbay.craigslist.org/eby/roo/d/union-city-furnished-private-room-in/6976221102.html,2019-09-11,07:15,570.0,fremont / union city / newark,110ft2
California,sfbay,sby,rooms & shares,南聖荷西房間出租,https://sfbay.craigslist.org/sby/roo/d/san-jose/6963622333.html,2019-09-11,07:13,795.0,san jose south,160ft2
California,sfbay,nby,rooms & shares,Commuter room,https://sfbay.craigslist.org/nby/roo/d/novato-commuter-room/6976184059.html,2019-09-11,06:23,800.0,petaluma,None
California,sfbay,sby,rooms & shares,Quiet Room in Family Home,https://sfbay.craigslist.org/sby/roo/d/san-jose-quiet-room-in-family-home/6974544560.html,2019-09-11,06:53,750.0,san jose north,120ft2
California,sfbay,sby,rooms & shares,Room for rent  / Rento cuarto,https://sfbay.craigslist.org/sby/roo/d/gilroy-room-for-rent-rento-cuarto/6976201367.html,2019-09-11,06:48,700.0,gilroy,None
California,sfbay,scz,rooms & shares,Sparkling Room nr. Cabrillo College & Seabright Beach,https://sfbay.craigslist.org/scz/roo/d/capitola-sparkling-room-nr-cabrillo/6976202225.html,2019-09-11,06:50,800.0,soquel,150ft2
California,sfbay,eby,rooms & shares,"Room for rent in Antioch, includes utilities.",https://sfbay.craigslist.org/eby/roo/d/room-for-rent-in-antioch-includes/6976142462.html,2019-09-11,04:48,700.0,pittsburg / antioch,None
California,sfbay,eby,rooms & shares,Patterson Ca Room For Rent,https://sfbay.craigslist.org/eby/roo/d/pleasanton-patterson-ca-room-for-rent/6976118848.html,2019-09-11,02:24,550.0,dublin / pleasanton / livermore,150ft2
California,sfbay,sby,rooms & shares,Private bedroom with shared  bath for rent,https://sfbay.craigslist.org/sby/roo/d/san-jose-private-bedroom-with-shared/6976105346.html,2019-09-11,00:02,760.0,san jose south,None
California,sfbay,scz,rooms & shares,Private BR shared BA in 2 BR Condo,https://sfbay.craigslist.org/scz/roo/d/capitola-private-br-shared-ba-in-2-br/6973954085.html,2019-09-11,00:25,845.0,capitola,None
California,sfbay,nby,rooms & shares,PrimeLocationWalkToSSU,https://sfbay.craigslist.org/nby/roo/d/rohnert-park-primelocationwalktossu/6976097701.html,2019-09-10,23:02,695.0,rohnert pk / cotati,None
California,sfbay,sfc,rooms & shares,Small sunny bedroom,https://sfbay.craigslist.org/sfc/roo/d/san-francisco-small-sunny-bedroom/6962651016.html,2019-09-10,23:13,900.0,ingleside / sfsu / ccsf,110ft2
California,sfbay,sby,rooms & shares,1间雅房出租,https://sfbay.craigslist.org/sby/roo/d/1/6974300704.html,2019-09-10,23:08,750.0,san jose north,140ft2
California,sfbay,sfc,sublets & temporary,Small Room for Rent for Commuter Roommate close to 24th Bart,https://sfbay.craigslist.org/sfc/sub/d/san-francisco-small-room-for-rent-for/6966274480.html,2019-09-10,22:14,600.0,mission district,70ft2
California,sfbay,eby,rooms & shares,Nice 1 bedroom*10/1/19* $500/mth,https://sfbay.craigslist.org/eby/roo/d/pittsburg-nice-1-bedroom-mth/6970223089.html,2019-09-10,21:53,500.0,pittsburg / antioch,None
California,sfbay,eby,rooms & shares,Room for rent $600.00/month utilities included,https://sfbay.craigslist.org/eby/roo/d/room-for-rent-month-utilities-included/6976078563.html,2019-09-10,21:24,600.0,fairfield / vacaville,None
California,sfbay,nby,rooms & shares,Room for Rent in Single Family house,https://sfbay.craigslist.org/nby/roo/d/rohnert-park-room-for-rent-in-single/6970498915.html,2019-09-10,21:05,800.0,rohnert pk / cotati,108ft2
California,sfbay,pen,rooms & shares,Bedroom + Balcony in Spacious Palo Alto House - $865 (Palo Alto),https://sfbay.craigslist.org/pen/roo/d/palo-alto-bedroom-balcony-in-spacious/6976081238.html,2019-09-10,21:41,865.0,palo alto,None
California,sfbay,eby,rooms & shares,room 4 rent $600/month,https://sfbay.craigslist.org/eby/roo/d/room-4-rent-600-month/6976071151.html,2019-09-10,20:56,600.0,vallejo / benicia,None
California,sfbay,eby,rooms & shares,Room for rent FEMALE only!,https://sfbay.craigslist.org/eby/roo/d/tracy-room-for-rent-female-only/6976061448.html,2019-09-10,20:25,700.0,dublin / pleasanton / livermore,None
California,sfbay,sby,rooms & shares,Light Rail to Cisco/Apple/Ebay/Airport/Downtown,https://sfbay.craigslist.org/sby/roo/d/san-jose-light-rail-to-cisco-apple-ebay/6969183287.html,2019-09-10,20:18,800.0,san jose north,None
California,sfbay,eby,rooms & shares,Room for rent 12’x10’ w/5’ closet,https://sfbay.craigslist.org/eby/roo/d/vallejo-room-for-rent-12x10-5-closet/6976052330.html,2019-09-10,19:58,500.0,vallejo / benicia,1600ft2
California,sfbay,eby,rooms & shares,Concord room for rent/show immediately 9/10,https://sfbay.craigslist.org/eby/roo/d/concord-concord-room-for-rent-show/6971313651.html,2019-09-10,19:09,695.0,concord / pleasant hill / martinez,120ft2
California,sfbay,eby,rooms & shares,Room for Rent in Cordelia/Fairfield,https://sfbay.craigslist.org/eby/roo/d/vallejo-room-for-rent-in-cordelia/6976032058.html,2019-09-10,19:05,600.0,fairfield / vacaville,176ft2
California,sfbay,nby,rooms & shares,**Nice room for rent**,https://sfbay.craigslist.org/nby/roo/d/forestville-nice-room-for-rent/6975982632.html,2019-09-10,19:09,650.0,russian river,150ft2
California,sfbay,pen,rooms & shares,Room for rent,https://sfbay.craigslist.org/pen/roo/d/daly-city-room-for-rent/6976031145.html,2019-09-10,19:03,820.0,daly city,None
California,sfbay,scz,rooms & shares,2 Rooms for Rent - $675.00 & $725.00 Great Location!,https://sfbay.craigslist.org/scz/roo/d/santa-cruz-2-rooms-for-rent-great/6959530751.html,2019-09-10,19:08,725.0,santa cruz,120ft2
California,sfbay,scz,rooms & shares,Awesome Co-op Seeks Amazing Housemate,https://sfbay.craigslist.org/scz/roo/d/santa-cruz-awesome-co-op-seeks-amazing/6972192160.html,2019-09-10,19:04,799.0,santa cruz,None
California,sfbay,eby,rooms & shares,Bedroom for rent near DVC,https://sfbay.craigslist.org/eby/roo/d/pleasant-hill-bedroom-for-rent-near-dvc/6972723899.html,2019-09-10,18:50,595.0,concord / pleasant hill / martinez,None
California,sfbay,eby,rooms & shares,Room for Rent near CSU East Bay and  Chabot,https://sfbay.craigslist.org/eby/roo/d/room-for-rent-near-csu-east-bay-and/6963729602.html,2019-09-10,18:43,749.0,hayward / castro valley,None
California,sfbay,nby,rooms & shares,**Nice room w/Private entrance**,https://sfbay.craigslist.org/nby/roo/d/forestville-nice-room-private-entrance/6975982874.html,2019-09-10,18:59,650.0,russian river,150ft2
California,sfbay,pen,rooms & shares,Cozy Room for Rent Available Immediately in Quiet Neighborhood,https://sfbay.craigslist.org/pen/roo/d/pacifica-cozy-room-for-rent-available/6970509032.html,2019-09-10,18:24,850.0,pacifica,108ft2
California,sfbay,sby,rooms & shares,Accommodation available In A Town Home At Tasman/Fair Oaks,https://sfbay.craigslist.org/sby/roo/d/sunnyvale-accommodation-available-in/6976013670.html,2019-09-10,18:24,700.0,sunnyvale,None
California,sfbay,sby,rooms & shares,Room share,https://sfbay.craigslist.org/sby/roo/d/fremont-room-share/6968385871.html,2019-09-10,18:17,680.0,milpitas,None
California,sfbay,eby,rooms & shares,"Room for share, Female Only",https://sfbay.craigslist.org/eby/roo/d/pittsburg-room-for-share-female-only/6975979271.html,2019-09-10,17:18,750.0,pittsburg / antioch,150ft2
California,sfbay,eby,rooms & shares,"Room for rent, Newark, All utilities Inc.",https://sfbay.craigslist.org/eby/roo/d/newark-room-for-rent-newark-all/6975969037.html,2019-09-10,17:00,750.0,fremont / union city / newark,None
California,sfbay,sfc,rooms & shares,"One Room for rent, Walk to CCSF (Alemany Blvd & Ocean Ave)",https://sfbay.craigslist.org/sfc/roo/d/san-francisco-one-room-for-rent-walk-to/6976001306.html,2019-09-10,17:59,900.0,excelsior / outer mission,300ft2
California,sfbay,sby,rooms & shares,Multiple rooms for rent in a two story home,https://sfbay.craigslist.org/sby/roo/d/gilroy-multiple-rooms-for-rent-in-two/6975980974.html,2019-09-10,17:21,750.0,gilroy,1600ft2
California,sfbay,eby,rooms & shares,2 Rooms in House near 6 Flags,https://sfbay.craigslist.org/eby/roo/d/vallejo-2-rooms-in-house-near-6-flags/6975931709.html,2019-09-10,16:04,700.0,vallejo / benicia,None
California,sfbay,pen,rooms & shares,SEMI FURNISHED ROOM FOR RENT,https://sfbay.craigslist.org/pen/roo/d/san-mateo-semi-furnished-room-for-rent/6966149897.html,2019-09-10,16:15,800.0,san mateo,None
California,sfbay,sby,rooms & shares,PHÒNG CHO THUÊ/ Room For Rent,https://sfbay.craigslist.org/sby/roo/d/san-jose-phng-cho-thu-room-for-rent/6975962771.html,2019-09-10,16:50,600.0,san jose south,None
California,sfbay,eby,rooms & shares,Furnished room for rent,https://sfbay.craigslist.org/eby/roo/d/walnut-creek-furnished-room-for-rent/6975930247.html,2019-09-10,15:59,625.0,walnut creek,None
California,sfbay,eby,rooms & shares,725 Nice Room Beautiful Single Family house Near Lone Tree Way,https://sfbay.craigslist.org/eby/roo/d/antioch-725-nice-room-beautiful-single/6975909986.html,2019-09-10,15:30,725.0,brentwood / oakley,None
California,sfbay,eby,rooms & shares,Room for Rent/ utilities include,https://sfbay.craigslist.org/eby/roo/d/vallejo-room-for-rent-utilities-include/6975892202.html,2019-09-10,15:05,750.0,vallejo / benicia,None
California,sfbay,pen,rooms & shares,FURNISHED ROOM,https://sfbay.craigslist.org/pen/roo/d/san-bruno-furnished-room/6968250954.html,2019-09-10,15:40,800.0,san bruno,None
California,sfbay,sby,rooms & shares,large room for rent north san jose ranch 99 costco lundy hostetter,https://sfbay.craigslist.org/sby/roo/d/san-jose-large-room-for-rent-north-san/6971008994.html,2019-09-10,15:56,600.0,san jose north,180ft2
California,sfbay,sby,rooms & shares,room for rent near SJSU downtown san jose spartan stadium 95112,https://sfbay.craigslist.org/sby/roo/d/san-jose-room-for-rent-near-sjsu/6971008190.html,2019-09-10,15:56,575.0,san jose downtown,120ft2
California,sfbay,sby,rooms & shares,small room for rent plum street downtown san jose zip 95110,https://sfbay.craigslist.org/sby/roo/d/san-jose-small-room-for-rent-plum/6971007883.html,2019-09-10,15:55,525.0,san jose downtown,90ft2
California,sfbay,sby,rooms & shares,room for rent north san jose ranch 99 costco lundy hostetter,https://sfbay.craigslist.org/sby/roo/d/san-jose-room-for-rent-north-san-jose/6971007549.html,2019-09-10,15:55,550.0,san jose north,130ft2
California,sfbay,sby,rooms & shares,Furnished Bedroom & Bathroom - $795,https://sfbay.craigslist.org/sby/roo/d/san-jose-furnished-bedroom-bathroom-795/6975926524.html,2019-09-10,15:54,795.0,san jose south,None
California,sfbay,eby,rooms & shares,★★*Union City Room 出租*★★,https://sfbay.craigslist.org/eby/roo/d/fremont-union-city-room/6971288300.html,2019-09-10,14:02,720.0,fremont / union city / newark,None
California,sfbay,pen,rooms & shares,Single rooms with shared baths,https://sfbay.craigslist.org/pen/roo/d/daly-city-single-rooms-with-shared-baths/6975866121.html,2019-09-10,14:53,850.0,daly city,None
California,sfbay,sby,rooms & shares,Room for Rent for Female in San Jose no Parking,https://sfbay.craigslist.org/sby/roo/d/san-jose-room-for-rent-for-female-in/6975878416.html,2019-09-10,14:57,775.0,san jose east,100ft2
California,sfbay,sby,rooms & shares,$769 Room- separate private entrance(sanjose downtown-Walking distance,https://sfbay.craigslist.org/sby/roo/d/san-jose-769-room-separate-private/6970806375.html,2019-09-10,14:55,769.0,san jose downtown,None
California,sfbay,eby,rooms & shares,$750 room for rent in Newark,https://sfbay.craigslist.org/eby/roo/d/newark-750-room-for-rent-in-newark/6968963565.html,2019-09-10,13:57,750.0,fremont / union city / newark,110ft2
California,sfbay,nby,rooms & shares,GREAT LOCATION! Montgomery Village Home-AVAILABLE OCTOBER 1,https://sfbay.craigslist.org/nby/roo/d/santa-rosa-great-location-montgomery/6972514475.html,2019-09-10,13:21,795.0,santa rosa,None
California,sfbay,pen,rooms & shares,Furnished room for lady,https://sfbay.craigslist.org/pen/roo/d/daly-city-furnished-room-for-lady/6961087883.html,2019-09-10,13:46,900.0,south san francisco,None
California,sfbay,sfc,rooms & shares,ROOM AVAILABLE NOW IN NICE AREA,https://sfbay.craigslist.org/sfc/roo/d/san-jose-room-available-now-in-nice-area/6972745058.html,2019-09-10,13:57,790.0,south san jose,None
California,sfbay,sby,rooms & shares,NICE ROOM FOR RENT     $700 MONTH,https://sfbay.craigslist.org/sby/roo/d/san-jose-nice-room-for-rent-700-month/6971200973.html,2019-09-10,13:58,790.0,san jose south,None
California,sfbay,eby,rooms & shares,"Private Bedroom available in beautiful, comfortable home",https://sfbay.craigslist.org/eby/roo/d/brentwood-private-bedroom-available-in/6975786926.html,2019-09-10,12:59,725.0,brentwood / oakley,None
California,sfbay,eby,rooms & shares,single occupancy rooms for rent,https://sfbay.craigslist.org/eby/roo/d/vallejo-single-occupancy-rooms-for-rent/6975756721.html,2019-09-10,12:25,750.0,vallejo / benicia,None
California,sfbay,sfc,rooms & shares,Ideal for students~Beautiful single room available for rent!,https://sfbay.craigslist.org/sfc/roo/d/san-francisco-ideal-for/6963412870.html,2019-09-10,12:21,850.0,excelsior / outer mission,None
California,sfbay,sby,rooms & shares,Santa clara  3bed 2beth  house   private  room  rent,https://sfbay.craigslist.org/sby/roo/d/santa-clara-santa-clara-3bed-2beth/6975685175.html,2019-09-10,12:22,750.0,santa clara,None
California,sfbay,sby,rooms & shares,房間出租,https://sfbay.craigslist.org/sby/roo/d/san-jose/6973807048.html,2019-09-10,12:02,780.0,san jose west,None
California,sfbay,eby,rooms & shares,Room for rent in Vallejo,https://sfbay.craigslist.org/eby/roo/d/american-canyon-room-for-rent-in-vallejo/6966538555.html,2019-09-10,11:36,650.0,vallejo / benicia,350ft2
California,sfbay,pen,rooms & shares,8/30 Remodeled room in-law hardwood flr close to frwy bart,https://sfbay.craigslist.org/pen/roo/d/8-30-remodeled-room-in-law-hardwood-flr/6967482773.html,2019-09-10,11:48,800.0,daly city,110ft2
California,sfbay,sby,rooms & shares,Private room  free wifi includes cable and utilities,https://sfbay.craigslist.org/sby/roo/d/private-room-free-wifi-includes-cable/6975729316.html,2019-09-10,11:54,750.0,none,120ft2
California,sfbay,scz,rooms & shares,Room for Rent @ Royal Oaks,https://sfbay.craigslist.org/scz/roo/d/watsonville-room-for-rent-royal-oaks/6970819566.html,2019-09-10,11:54,800.0,watsonville,None
California,sfbay,eby,rooms & shares,Room for rent - utilities + wifi included,https://sfbay.craigslist.org/eby/roo/d/san-ramon-room-for-rent-utilities-wifi/6975668442.html,2019-09-10,10:50,775.0,danville / san ramon,None
California,sfbay,eby,rooms & shares,Room for rent $650,https://sfbay.craigslist.org/eby/roo/d/concord-room-for-rent-650/6975663352.html,2019-09-10,10:45,650.0,concord / pleasant hill / martinez,None
California,sfbay,eby,rooms & shares,Fremont 3rooms for girls,https://sfbay.craigslist.org/eby/roo/d/fremont-fremont-3rooms-for-girls/6975620951.html,2019-09-10,10:01,590.0,fremont / union city / newark,None
California,sfbay,nby,rooms & shares,CHEAP ROOM - FOREST KNOLLS,https://sfbay.craigslist.org/nby/roo/d/forest-knolls-cheap-room-forest-knolls/6975665100.html,2019-09-10,10:47,800.0,fairfax,None
California,sfbay,sby,rooms & shares,Good Place with Good People,https://sfbay.craigslist.org/sby/roo/d/campbell-good-place-with-good-people/6972364672.html,2019-09-10,10:36,800.0,campbell,121ft2
California,sfbay,sby,rooms & shares,Spacious Room for Rent,https://sfbay.craigslist.org/sby/roo/d/spacious-room-for-rent/6975630515.html,2019-09-10,10:11,560.0,san jose east,None
California,sfbay,eby,rooms & shares,Nice Room & Private Bathroom                     (Mountain House City),https://sfbay.craigslist.org/eby/roo/d/tracy-nice-room-private-bathroom/6975612171.html,2019-09-10,09:52,720.0,dublin / pleasanton / livermore,None
California,sfbay,eby,rooms & shares,Carto(s) de renta-casa de 6 cuartos-Utilidades incluidas,https://sfbay.craigslist.org/eby/roo/d/hayward-cartos-de-renta-casa-de-6/6969144363.html,2019-09-10,09:19,750.0,hayward / castro valley,None
California,sfbay,eby,rooms & shares,Room(s) for rent-6BR house-Utilities included,https://sfbay.craigslist.org/eby/roo/d/hayward-rooms-for-rent-6br-house/6968291309.html,2019-09-10,09:19,750.0,hayward / castro valley,None
California,sfbay,sfc,rooms & shares,Remodeled private room for rent,https://sfbay.craigslist.org/sfc/roo/d/san-francisco-remodeled-private-room/6969171577.html,2019-09-10,09:32,900.0,bayview,None
California,sfbay,sby,rooms & shares,COZY ROOM**FEMALE ONLY**CAT OK,https://sfbay.craigslist.org/sby/roo/d/sunnyvale-cozy-roomfemale-onlycat-ok/6972308610.html,2019-09-10,09:29,790.0,sunnyvale,110ft2
California,sfbay,sby,rooms & shares,Commuter Room Available - Central San Jose,https://sfbay.craigslist.org/sby/roo/d/san-jose-commuter-room-available/6975585202.html,2019-09-10,09:24,535.0,san jose,112ft2
California,sfbay,eby,rooms & shares,Home share - Mountain House - Available Now!!,https://sfbay.craigslist.org/eby/roo/d/tracy-home-share-mountain-house/6972929256.html,2019-09-10,08:07,650.0,dublin / pleasanton / livermore,3000ft2
California,sfbay,pen,rooms & shares,Flight Attendant/Student Room!,https://sfbay.craigslist.org/pen/roo/d/san-mateo-flight-attendant-student-room/6971264629.html,2019-09-10,08:37,650.0,san mateo,None
California,sfbay,sby,rooms & shares,large nice room available for rent,https://sfbay.craigslist.org/sby/roo/d/san-jose-large-nice-room-available-for/6975557602.html,2019-09-10,08:55,800.0,san jose east,250ft2
California,sfbay,sby,rooms & shares,"Private room for rent in San Jose, near big tech companies.",https://sfbay.craigslist.org/sby/roo/d/san-jose-private-room-for-rent-in-san/6971143432.html,2019-09-10,08:25,750.0,san jose north,None
California,sfbay,sfc,sublets & temporary,"$600 Per week, Beautiful Sunny Bedroom in Large Victorian Flat",https://sfbay.craigslist.org/sfc/sub/d/san-francisco-600-per-week-beautiful/6964726274.html,2019-09-10,07:05,600.0,nob hill,None
California,sfbay,sfc,rooms & shares,亁凈温暖房间 Nice furnished room,https://sfbay.craigslist.org/sfc/roo/d/san-francisco-nice-furnished-room/6975444434.html,2019-09-10,06:41,895.0,sunset / parkside,None
California,sfbay,eby,rooms & shares,MATURE PROFESSIONAL WELCOMED -  CLEAN / QUITE/TRANQUIL HOME,https://sfbay.craigslist.org/eby/roo/d/antioch-mature-professional-welcomed/6975375359.html,2019-09-10,05:05,550.0,pittsburg / antioch,None
California,sfbay,sfc,rooms & shares,i have a private room/bath available in San Francisco,https://sfbay.craigslist.org/sfc/roo/d/san-francisco-have-private-room-bath/6975361804.html,2019-09-10,02:17,900.0,mission district,980ft2
California,sfbay,eby,rooms & shares,Room in Mountain House,https://sfbay.craigslist.org/eby/roo/d/tracy-room-in-mountain-house/6968247292.html,2019-09-09,23:25,700.0,dublin / pleasanton / livermore,120ft2
California,sfbay,nby,rooms & shares,3 Bedroom 1 Bath House Near Civic Center,https://sfbay.craigslist.org/nby/roo/d/san-rafael-3-bedroom-1-bath-house-near/6975345521.html,2019-09-09,23:08,700.0,san rafael,144ft2
California,sfbay,eby,rooms & shares,Country Home on 5 Acres_Stunning Views,https://sfbay.craigslist.org/eby/roo/d/penn-valley-country-home-on-5/6975342120.html,2019-09-09,22:47,595.0,penn valley,2148ft2
California,sfbay,eby,rooms & shares,Newly remodeled rooms For rent starting at $650,https://sfbay.craigslist.org/eby/roo/d/vallejo-newly-remodeled-rooms-for-rent/6975336230.html,2019-09-09,22:14,650.0,vallejo / benicia,None
California,sfbay,nby,rooms & shares,Room for Rent in Convenient Location (Se Renta Cuarto),https://sfbay.craigslist.org/nby/roo/d/napa-room-for-rent-in-convenient/6971701506.html,2019-09-09,22:15,800.0,napa county,None
California,sfbay,sfc,rooms & shares,Large Room in Outer Sunset,https://sfbay.craigslist.org/sfc/roo/d/san-francisco-large-room-in-outer-sunset/6975331514.html,2019-09-09,22:03,800.0,sunset / parkside,None
California,sfbay,eby,rooms & shares,Room For Rent,https://sfbay.craigslist.org/eby/roo/d/fairfield-room-for-rent/6972528050.html,2019-09-09,21:41,700.0,fairfield / vacaville,None
California,sfbay,pen,rooms & shares,雅房分租,https://sfbay.craigslist.org/pen/roo/d/-/6975328842.html,2019-09-09,21:40,850.0,san mateo,None
California,sfbay,sfc,rooms & shares,Three rooms available. Female only,https://sfbay.craigslist.org/sfc/roo/d/san-francisco-three-rooms-available/6975326674.html,2019-09-09,21:31,780.0,sunset / parkside,None
California,sfbay,eby,rooms & shares,2 Rooms for rent $700 each,https://sfbay.craigslist.org/eby/roo/d/antioch-2-rooms-for-rent-700-each/6969333399.html,2019-09-09,20:37,700.0,antioch,None
California,sfbay,eby,rooms & shares,★ FURNISHED ROOM FOR RENT INCLUDES INTERNET,https://sfbay.craigslist.org/eby/roo/d/fremont-furnished-room-for-rent/6964430081.html,2019-09-09,20:19,700.0,fremont / union city / newark,None
California,sfbay,nby,rooms & shares,Beautiful master bedroom,https://sfbay.craigslist.org/nby/roo/d/santa-rosa-beautiful-master-bedroom/6975309512.html,2019-09-09,20:30,800.0,santa rosa,None
California,sfbay,sby,rooms & shares,Furnished bright room with own bath - For commuter of short term stay,https://sfbay.craigslist.org/sby/roo/d/san-jose-furnished-bright-room-with-own/6972213498.html,2019-09-09,20:51,800.0,san jose north,200ft2
California,sfbay,sby,rooms & shares,Private room,https://sfbay.craigslist.org/sby/roo/d/san-jose-private-room/6975311042.html,2019-09-09,20:34,750.0,san jose downtown,None
California,sfbay,sby,rooms & shares,單房出租 -近 Mitsuwa SuperMarket,https://sfbay.craigslist.org/sby/roo/d/san-jose-mitsuwa-supermarket/6965144274.html,2019-09-09,20:33,700.0,san jose west,None
California,sfbay,sby,rooms & shares,$800 Cuarto GRANDE de Renta-compartir bano*$800* por mes/Room for rent,https://sfbay.craigslist.org/sby/roo/d/gilroy-800-cuarto-grande-de-renta/6975300293.html,2019-09-09,20:04,800.0,gilroy,None
California,sfbay,eby,rooms & shares,Room available in Lathrop (Utilities Included),https://sfbay.craigslist.org/eby/roo/d/lathrop-room-available-in-lathrop/6975276327.html,2019-09-09,19:04,700.0,dublin / pleasanton / livermore,144ft2
California,sfbay,nby,rooms & shares,Sunny garden room,https://sfbay.craigslist.org/nby/roo/d/petaluma-sunny-garden-room/6975297917.html,2019-09-09,19:58,650.0,petaluma,None
California,sfbay,nby,rooms & shares,room for rent in bennett valley,https://sfbay.craigslist.org/nby/roo/d/santa-rosa-room-for-rent-in-bennett/6960397358.html,2019-09-09,19:40,775.0,santa rosa,187ft2
California,sfbay,nby,sublets & temporary,Short term sublet in Charming Cottage in Woodacre Near Fairfax,https://sfbay.craigslist.org/nby/sub/d/woodacre-short-term-sublet-in-charming/6960433362.html,2019-09-09,18:11,723.0,fairfax,None
California,sfbay,sfc,sublets & temporary,Fully furnished bedroom near Dolores Park,https://sfbay.craigslist.org/sfc/sub/d/san-francisco-fully-furnished-bedroom/6971128015.html,2019-09-09,18:41,650.0,noe valley,None
California,sfbay,sfc,rooms & shares,Private Fully Furnished Bedroom - Great for Students!,https://sfbay.craigslist.org/sfc/roo/d/san-francisco-private-fully-furnished/6958105390.html,2019-09-09,18:25,850.0,visitacion valley,120ft2
California,sfbay,eby,rooms & shares,One unfurnished br available in recently build house. Walk to Bart,https://sfbay.craigslist.org/eby/roo/d/one-unfurnished-br-available-in/6970562809.html,2019-09-09,17:38,750.0,concord / pleasant hill / martinez,None
California,sfbay,sby,rooms & shares,$775 room for rent - easy access to Great mall and 680,https://sfbay.craigslist.org/sby/roo/d/san-jose-775-room-for-rent-easy-access/6975238809.html,2019-09-09,17:53,775.0,san jose north,130ft2
California,sfbay,sby,rooms & shares,1 room available for rent,https://sfbay.craigslist.org/sby/roo/d/san-jose-1-room-available-for-rent/6975221020.html,2019-09-09,17:16,800.0,san jose south,180ft2
California,sfbay,sby,rooms & shares,Furnished Room for Rent,https://sfbay.craigslist.org/sby/roo/d/san-jose-furnished-room-for-rent/6972952178.html,2019-09-09,17:06,700.0,san jose east,None
California,sfbay,scz,rooms & shares,Room for Rent Available now!,https://sfbay.craigslist.org/scz/roo/d/freedom-room-for-rent-available-now/6962024185.html,2019-09-09,17:53,700.0,watsonville,None
California,sfbay,eby,rooms & shares,Looking for a quiet professional Roomate,https://sfbay.craigslist.org/eby/roo/d/vallejo-looking-for-quiet-professional/6975164274.html,2019-09-09,16:00,750.0,vallejo / benicia,None
California,sfbay,nby,rooms & shares,Rincon Valley-Room for Rent-Furnished with Patio,https://sfbay.craigslist.org/nby/roo/d/santa-rosa-rincon-valley-room-for-rent/6971511098.html,2019-09-09,16:46,800.0,santa rosa,None
California,sfbay,nby,rooms & shares,Cozy bedroom in young professional house,https://sfbay.craigslist.org/nby/roo/d/san-rafael-cozy-bedroom-in-young/6975197505.html,2019-09-09,16:38,800.0,san rafael,None
California,sfbay,pen,rooms & shares,Room for rent with friendly senior citizen roommate,https://sfbay.craigslist.org/pen/roo/d/mountain-view-room-for-rent-with/6966805598.html,2019-09-09,16:45,800.0,mountain view,15ft2
California,sfbay,sby,rooms & shares,Room for rent in family home,https://sfbay.craigslist.org/sby/roo/d/san-jose-room-for-rent-in-family-home/6975198480.html,2019-09-09,16:39,700.0,san jose downtown,110ft2
California,sfbay,scz,rooms & shares,Se renta cuarto,https://sfbay.craigslist.org/scz/roo/d/watsonville-se-renta-cuarto/6972830418.html,2019-09-09,16:20,800.0,watsonville,None
California,sfbay,eby,rooms & shares,Low rent for live-in dog sitter in nice home,https://sfbay.craigslist.org/eby/roo/d/concord-low-rent-for-live-in-dog-sitter/6975169379.html,2019-09-09,15:56,700.0,concord / pleasant hill / martinez,100ft2
California,sfbay,sby,rooms & shares,舒適大房間,https://sfbay.craigslist.org/sby/roo/d/san-jose/6975156109.html,2019-09-09,15:51,690.0,san jose north,140ft2
California,sfbay,sby,rooms & shares,"Townhouse has Room for Rent with WiFi, Cable & Utilities - $700",https://sfbay.craigslist.org/sby/roo/d/san-jose-townhouse-has-room-for-rent/6971755219.html,2019-09-09,15:39,700.0,san jose north,None
California,sfbay,sby,rooms & shares,Affordable room to rent,https://sfbay.craigslist.org/sby/roo/d/san-jose-affordable-room-to-rent/6975150465.html,2019-09-09,15:28,700.0,san jose south,None
California,sfbay,sby,rooms & shares,Furnished private Room & Bath near VTA[Commuter only],https://sfbay.craigslist.org/sby/roo/d/san-jose-furnished-private-room-bath/6971758814.html,2019-09-09,15:25,800.0,san jose south,None
California,sfbay,sby,rooms & shares,Furnished Private Room with shared bathroom for rent,https://sfbay.craigslist.org/sby/roo/d/san-jose-furnished-private-room-with/6971119966.html,2019-09-09,15:24,795.0,san jose north,200ft2
California,sfbay,sby,rooms & shares,Affordable Room Ready for Move-In (Female Preferred),https://sfbay.craigslist.org/sby/roo/d/san-jose-affordable-room-ready-for-move/6975136233.html,2019-09-09,15:09,600.0,san jose west,100ft2
California,sfbay,nby,rooms & shares,Room for rent in 4 bedroom 2 bath home,https://sfbay.craigslist.org/nby/roo/d/san-rafael-room-for-rent-in-4-bedroom-2/6967220979.html,2019-09-09,14:58,800.0,san rafael,None
California,sfbay,sfc,rooms & shares,"5room for rent, central location, quiet available now, 9/8,11/1/1",https://sfbay.craigslist.org/sfc/roo/d/san-francisco-5room-for-rent-central/6967220601.html,2019-09-09,14:29,588.0,financial district,90ft2
California,sfbay,sfc,rooms & shares,Furnished Commuter (part-time) Room Available,https://sfbay.craigslist.org/sfc/roo/d/san-francisco-furnished-commuter-part/6975089727.html,2019-09-09,14:12,800.0,lower haight,None
California,sfbay,sby,rooms & shares,Furnished Bedroom$800,https://sfbay.craigslist.org/sby/roo/d/san-jose-furnished-bedroom800/6975111502.html,2019-09-09,14:44,800.0,san jose west,156ft2
California,sfbay,sby,rooms & shares,Loving House looking for a young and prof. Roommate,https://sfbay.craigslist.org/sby/roo/d/san-jose-loving-house-looking-for-young/6975112126.html,2019-09-09,14:38,700.0,san jose south,None
California,sfbay,sby,rooms & shares,"Shared Bedroom $700, near De Anza College",https://sfbay.craigslist.org/sby/roo/d/cupertino-shared-bedroom-700-near-de/6969841128.html,2019-09-09,14:37,700.0,cupertino,144ft2
California,sfbay,scz,rooms & shares,"Very large bedroom in Corralitos home, $800/mo",https://sfbay.craigslist.org/scz/roo/d/freedom-very-large-bedroom-in/6975119348.html,2019-09-09,14:47,800.0,aptos,194ft2
California,sfbay,sfc,sublets & temporary,Soma sublease sept26-oct14,https://sfbay.craigslist.org/sfc/sub/d/san-francisco-soma-sublease-sept26-oct14/6975037102.html,2019-09-09,13:12,616.0,soma / south beach,None
California,sfbay,eby,rooms & shares,Bedroom for Rent in 2bd/1ba in great location,https://sfbay.craigslist.org/eby/roo/d/vacaville-bedroom-for-rent-in-2bd-1ba/6968740627.html,2019-09-09,13:26,725.0,fairfield / vacaville,None
California,sfbay,eby,rooms & shares,One room available-Tracy,https://sfbay.craigslist.org/eby/roo/d/tracy-one-room-available-tracy/6973047656.html,2019-09-09,13:01,600.0,dublin / pleasanton / livermore,121ft2
California,sfbay,pen,rooms & shares,Furnished Commuter Room Down Town Menlo Park,https://sfbay.craigslist.org/pen/roo/d/menlo-park-furnished-commuter-room-down/6970569795.html,2019-09-09,13:16,800.0,menlo park,None
California,sfbay,pen,rooms & shares,Sml. Master Bedroom in Restored Farmhouse,https://sfbay.craigslist.org/pen/roo/d/atherton-sml-master-bedroom-in-restored/6972156877.html,2019-09-09,13:01,785.0,redwood city,None
California,sfbay,sby,rooms & shares,"BEAUTIFUL ROOM IN CALM, QUIET HOME - FEMALE ONLY",https://sfbay.craigslist.org/sby/roo/d/san-jose-beautiful-room-in-calm-quiet/6975047590.html,2019-09-09,13:24,800.0,san jose south,None
California,sfbay,sby,rooms & shares,Private room is gorgeous two story home,https://sfbay.craigslist.org/sby/roo/d/campbell-private-room-is-gorgeous-two/6975042207.html,2019-09-09,13:18,775.0,campbell,2800ft2
California,sfbay,nby,sublets & temporary,"Two Private Hill Side Tents, CLOSE TO A.DESK, D.COLL, M. GEN, KAI",https://sfbay.craigslist.org/nby/sub/d/greenbrae-two-private-hill-side-tents/6969931440.html,2019-09-09,12:25,650.0,san rafael,150ft2
California,sfbay,sby,sublets & temporary,12 X 11 room for rent - short term,https://sfbay.craigslist.org/sby/sub/d/santa-clara-room-for-rent-short-term/6974994228.html,2019-09-09,12:25,700.0,santa clara,132ft2
California,sfbay,sby,sublets & temporary,Cozy room for rent - short term,https://sfbay.craigslist.org/sby/sub/d/santa-clara-cozy-room-for-rent-short/6974988482.html,2019-09-09,12:19,700.0,santa clara,121ft2
California,sfbay,eby,rooms & shares,Share House in Concord,https://sfbay.craigslist.org/eby/roo/d/concord-share-house-in-concord/6974990737.html,2019-09-09,12:21,725.0,concord / pleasant hill / martinez,120ft2
California,sfbay,eby,rooms & shares,ROOMS FOR RENT IN VACAVILLE HOME!,https://sfbay.craigslist.org/eby/roo/d/vacaville-rooms-for-rent-in-vacaville/6972120110.html,2019-09-09,12:20,775.0,fairfield / vacaville,None
California,sfbay,eby,rooms & shares,Furnished Room with Kitchenette,https://sfbay.craigslist.org/eby/roo/d/brentwood-furnished-room-with/6974955306.html,2019-09-09,12:12,595.0,brentwood / oakley,None
California,sfbay,eby,rooms & shares,$700 Unfurnished Bedroom available in quiet house,https://sfbay.craigslist.org/eby/roo/d/700-unfurnished-bedroom-available-in/6968587424.html,2019-09-09,12:11,700.0,fairfield / vacaville,180ft2
California,sfbay,sfc,rooms & shares,Small private Suite  (no kitchen),https://sfbay.craigslist.org/sfc/roo/d/san-francisco-small-private-suite-no/6955864944.html,2019-09-09,12:19,900.0,portola district,96ft2
California,sfbay,eby,rooms & shares,1 Room in Union City 4 bdrm house available Oct 1,https://sfbay.craigslist.org/eby/roo/d/union-city-1-room-in-union-city-4-bdrm/6974955309.html,2019-09-09,11:44,700.0,fremont / union city / newark,None
California,sfbay,eby,rooms & shares,【房間出租】Fremont,https://sfbay.craigslist.org/eby/roo/d/fremont-fremont/6974950634.html,2019-09-09,11:39,750.0,fremont / union city / newark,110ft2
California,sfbay,eby,rooms & shares,**SE RENTA CUARTO $750** ROOM FOR RENT $750*** UTILITIES ARE INCLUDED,https://sfbay.craigslist.org/eby/roo/d/antioch-se-renta-cuarto-750-room-for/6954441174.html,2019-09-09,11:34,750.0,pittsburg / antioch,None
California,sfbay,nby,rooms & shares,Room for rent September 15,https://sfbay.craigslist.org/nby/roo/d/napa-room-for-rent-september-15/6974969256.html,2019-09-09,11:58,700.0,napa county,9ft2
California,sfbay,nby,rooms & shares,$700-800 Great for Students 5 bed 2 bath J Neighborhood Rooms for Rent,https://sfbay.craigslist.org/nby/roo/d/rohnert-park-great-for-students-5-bed-2/6974958519.html,2019-09-09,11:48,700.0,rohnert pk / cotati,None
California,sfbay,nby,rooms & shares,Monte Rio Share Rental - Furnished,https://sfbay.craigslist.org/nby/roo/d/monte-rio-monte-rio-share-rental/6974932194.html,2019-09-09,11:20,690.0,russian river,None
California,sfbay,sfc,rooms & shares,请问有湾区Airbnb host想加入房主互助群一起讨论吗,https://sfbay.craigslist.org/sfc/roo/d/san-francisco-airbnb-host/6974964490.html,2019-09-09,11:53,800.0,san francisco,180ft2
California,sfbay,sby,rooms & shares,Room for Rent with Skylight,https://sfbay.craigslist.org/sby/roo/d/san-jose-room-for-rent-with-skylight/6972660491.html,2019-09-09,11:48,700.0,san jose south,None
California,sfbay,sby,rooms & shares,North San Jose 95134 雅间出租,https://sfbay.craigslist.org/sby/roo/d/san-jose-north-san-jose/6966856663.html,2019-09-09,11:19,750.0,san jose north,120ft2
California,sfbay,sby,rooms & shares,Nice bedroom for rent,https://sfbay.craigslist.org/sby/roo/d/nice-bedroom-for-rent/6973532494.html,2019-09-09,11:10,650.0,san jose downtown,None
California,sfbay,eby,rooms & shares,Concord room,https://sfbay.craigslist.org/eby/roo/d/concord-concord-room/6968975013.html,2019-09-09,10:41,675.0,concord / pleasant hill / martinez,None
California,sfbay,nby,rooms & shares,"Room in friendly, easy going home.",https://sfbay.craigslist.org/nby/roo/d/santa-rosa-room-in-friendly-easy-going/6974864358.html,2019-09-09,10:13,800.0,santa rosa,None
California,sfbay,nby,rooms & shares,Roommate to share a 2BR apartment (lanai),https://sfbay.craigslist.org/nby/roo/d/fairfax-roommate-to-share-2br-apartment/6974851368.html,2019-09-09,10:00,750.0,fairfax,None
California,sfbay,sfc,rooms & shares,$850 Private Room,https://sfbay.craigslist.org/sfc/roo/d/san-francisco-850-private-room/6970970439.html,2019-09-09,10:05,850.0,ingleside / sfsu / ccsf,None
California,sfbay,sby,rooms & shares,basement level studio apartment in our row house,https://sfbay.craigslist.org/sby/roo/d/mill-valley-basement-level-studio/6974867438.html,2019-09-09,10:53,500.0,"5702 conzelman rd,",1600ft2
California,sfbay,eby,rooms & shares,Room for Rent in Tracy Ca,https://sfbay.craigslist.org/eby/roo/d/tracy-room-for-rent-in-tracy-ca/6974817486.html,2019-09-09,09:27,750.0,dublin / pleasanton / livermore,None
California,sfbay,sby,rooms & shares,Private room in Executive new home close to GreatMall,https://sfbay.craigslist.org/sby/roo/d/san-jose-private-room-in-executive-new/6960087141.html,2019-09-09,09:25,650.0,milpitas,130ft2
California,sfbay,sby,rooms & shares,"11 x 11ft room Rent incl. WiFi, Cable & Utilities [See pics]",https://sfbay.craigslist.org/sby/roo/d/san-jose-11-11ft-room-rent-incl-wifi/6972802350.html,2019-09-09,09:22,700.0,san jose east,125ft2
California,sfbay,sby,sublets & temporary,"Beautiful & Quiet Fully-Furnished, One-Bedroom Apt.",https://sfbay.craigslist.org/sby/sub/d/cupertino-beautiful-quiet-fully/6974711044.html,2019-09-09,08:30,640.0,cupertino,None
California,sfbay,eby,rooms & shares,Room available,https://sfbay.craigslist.org/eby/roo/d/concord-room-available/6971204605.html,2019-09-09,08:51,750.0,concord / pleasant hill / martinez,None
California,sfbay,nby,rooms & shares,"Room for rent, females only, no kids or pets",https://sfbay.craigslist.org/nby/roo/d/santa-rosa-room-for-rent-females-only/6956564722.html,2019-09-09,08:18,800.0,santa rosa,None
California,sfbay,nby,rooms & shares,Room for Rent Bel Marin Keys.,https://sfbay.craigslist.org/nby/roo/d/san-rafael-room-for-rent-bel-marin-keys/6974741167.html,2019-09-09,08:12,800.0,novato,184ft2
California,sfbay,sfc,rooms & shares,Furnished Room Available for Rent,https://sfbay.craigslist.org/sfc/roo/d/san-francisco-furnished-room-available/6974693914.html,2019-09-09,08:53,560.0,financial district,None
California,sfbay,sby,rooms & shares,Master room for rent,https://sfbay.craigslist.org/sby/roo/d/santa-clara-master-room-for-rent/6954083574.html,2019-09-09,08:50,800.0,santa clara,None
California,sfbay,sby,rooms & shares,Bedroom (Senior Living) in nice house!,https://sfbay.craigslist.org/sby/roo/d/san-jose-bedroom-senior-living-in-nice/6968957169.html,2019-09-09,08:49,750.0,san jose north,1000ft2
California,sfbay,sby,rooms & shares,Full furnished Bedroom and nice house,https://sfbay.craigslist.org/sby/roo/d/cupertino-full-furnished-bedroom-and/6974664280.html,2019-09-09,08:23,560.0,cupertino,None
California,sfbay,sby,rooms & shares,SFH  卧室 出租 room for rent  $800,https://sfbay.craigslist.org/sby/roo/d/milpitas-sfh-room-for-rent-800/6972510455.html,2019-09-09,08:06,750.0,milpitas,100ft2
California,sfbay,sfc,rooms & shares,Nice room with Private bath & Paid Utilities,https://sfbay.craigslist.org/sfc/roo/d/san-francisco-nice-room-with-private/6970386305.html,2019-09-09,07:40,850.0,ingleside / sfsu / ccsf,200ft2
California,sfbay,eby,rooms & shares,Furnished Room _All included_Martinez (border PH),https://sfbay.craigslist.org/eby/roo/d/pleasant-hill-furnished-room-all/6974624474.html,2019-09-09,05:35,755.0,concord / pleasant hill / martinez,125ft2
California,sfbay,sby,rooms & shares,$800 Single home Room for rent,https://sfbay.craigslist.org/sby/roo/d/san-jose-800-single-home-room-for-rent/6974568130.html,2019-09-09,00:10,800.0,san jose south,None
California,sfbay,pen,rooms & shares,Room for Rent,https://sfbay.craigslist.org/pen/roo/d/daly-city-room-for-rent/6974553002.html,2019-09-08,22:21,930.0,daly city,None
California,sfbay,eby,rooms & shares,Room For Rent,https://sfbay.craigslist.org/eby/roo/d/concord-room-for-rent/6964081935.html,2019-09-08,21:48,750.0,concord / pleasant hill / martinez,110ft2
California,sfbay,sby,rooms & shares,Se renta cuarto en $800,https://sfbay.craigslist.org/sby/roo/d/san-jose-se-renta-cuarto-en-800/6974544006.html,2019-09-08,21:37,800.0,san jose downtown,10ft2
California,sfbay,sfc,sublets & temporary,Medium size room near Dolores Park,https://sfbay.craigslist.org/sfc/sub/d/medium-size-room-near-dolores-park/6974519556.html,2019-09-08,20:08,700.0,castro,None
California,sfbay,eby,rooms & shares,Next to CONCORD BART for SINGLE professional/STUDENT,https://sfbay.craigslist.org/eby/roo/d/concord-next-to-concord-bart-for-single/6974523393.html,2019-09-08,20:19,750.0,concord / pleasant hill / martinez,None
California,sfbay,nby,rooms & shares,Roommate Wanted (Glen Ellen),https://sfbay.craigslist.org/nby/roo/d/glen-ellen-roommate-wanted-glen-ellen/6972091464.html,2019-09-08,20:57,600.0,sonoma,800ft2
California,sfbay,pen,rooms & shares,Commuter -converted living room (private) + shared bath,https://sfbay.craigslist.org/pen/roo/d/san-mateo-commuter-converted-living/6974518060.html,2019-09-08,20:03,799.0,san mateo,None
California,sfbay,sfc,rooms & shares,Room for Rent Ingleside Oct. 1st!,https://sfbay.craigslist.org/sfc/roo/d/san-francisco-room-for-rent-ingleside/6971024820.html,2019-09-08,20:16,720.0,ingleside / sfsu / ccsf,105ft2
California,sfbay,eby,rooms & shares,Room available for woman in Geeky Household,https://sfbay.craigslist.org/eby/roo/d/concord-room-available-for-woman-in/6974506248.html,2019-09-08,19:33,600.0,concord / pleasant hill / martinez,None
California,sfbay,pen,rooms & shares,"Converted living room,pet friendly,10min walk to Bart",https://sfbay.craigslist.org/pen/roo/d/daly-city-converted-living-roompet/6971014159.html,2019-09-08,19:23,910.0,daly city,None
California,sfbay,pen,sublets & temporary,Commuter Room in Mountain View - Available Now,https://sfbay.craigslist.org/pen/sub/d/mountain-view-commuter-room-in-mountain/6954084024.html,2019-09-08,17:41,700.0,mountain view,None
California,sfbay,sfc,sublets & temporary,PRIVATE ROOM September 25th-November 1,https://sfbay.craigslist.org/sfc/sub/d/san-francisco-private-room-september/6974459676.html,2019-09-08,17:48,750.0,sunset / parkside,None
California,sfbay,sby,sublets & temporary,weekly or monthly room,https://sfbay.craigslist.org/sby/sub/d/cupertino-weekly-or-monthly-room/6956170576.html,2019-09-08,17:45,500.0,cupertino,144ft2
California,sfbay,eby,rooms & shares,雅房出租,https://sfbay.craigslist.org/eby/roo/d/union-city/6974454666.html,2019-09-08,17:38,500.0,fremont / union city / newark,None
California,sfbay,eby,rooms & shares,Seeking Male Naturalist,https://sfbay.craigslist.org/eby/roo/d/knightsen-seeking-male-naturalist/6968932217.html,2019-09-08,17:33,725.0,brentwood / oakley,1800ft2
California,sfbay,sfc,rooms & shares,Private Quiet Fully Furnished Bedroom - Perfect for Students!,https://sfbay.craigslist.org/sfc/roo/d/san-francisco-private-quiet-fully/6957423923.html,2019-09-08,17:18,850.0,visitacion valley,120ft2
California,sfbay,sby,rooms & shares,Easy going roommates nice house cute room,https://sfbay.craigslist.org/sby/roo/d/milpitas-easy-going-roommates-nice/6974437242.html,2019-09-08,17:56,800.0,milpitas,None
California,sfbay,eby,rooms & shares,Gay man housemate needed 🌈 Vallejo,https://sfbay.craigslist.org/eby/roo/d/vallejo-gay-man-housemate-needed-vallejo/6963643997.html,2019-09-08,16:30,650.0,glen cove,100ft2
California,sfbay,eby,rooms & shares,Gay Male to share house in Vallejo🧿,https://sfbay.craigslist.org/eby/roo/d/vallejo-gay-male-to-share-house-in/6963644336.html,2019-09-08,16:29,650.0,vallejo / benicia,100ft2
California,sfbay,pen,rooms & shares,Large private bedroom close to DC BART,https://sfbay.craigslist.org/pen/roo/d/daly-city-large-private-bedroom-close/6958345199.html,2019-09-08,16:40,695.0,daly city,120ft2
California,sfbay,sfc,rooms & shares,Beautiful Bedroom for rent   單房出租,https://sfbay.craigslist.org/sfc/roo/d/san-francisco-beautiful-bedroom-for/6974402588.html,2019-09-08,16:01,800.0,silver/san burno,None
California,sfbay,scz,rooms & shares,Cabin for rent in sunny Bonny Doon,https://sfbay.craigslist.org/scz/roo/d/santa-cruz-cabin-for-rent-in-sunny/6974418429.html,2019-09-08,16:28,800.0,santa cruz,None
California,sfbay,sfc,rooms & shares,for 15 day Sublet in Air bnb room,https://sfbay.craigslist.org/sfc/roo/d/san-francisco-for-15-day-sublet-in-air/6974391523.html,2019-09-08,15:41,800.0,twin peaks / diamond hts,None
California,sfbay,scz,rooms & shares,ROOM FOR RENT IN SANTA CRUZ,https://sfbay.craigslist.org/scz/roo/d/capitola-room-for-rent-in-santa-cruz/6974307662.html,2019-09-08,15:22,744.0,santa cruz,None
California,sfbay,scz,rooms & shares,"UTILITIES INCL., WIFI avail. too, close to all, in Santa Cruz",https://sfbay.craigslist.org/scz/roo/d/santa-cruz-utilities-incl-wifi-avail/6974375841.html,2019-09-08,15:15,750.0,santa cruz,106ft2
California,sfbay,eby,sublets & temporary,"Gem Location in Vallejo; BR, LR private",https://sfbay.craigslist.org/eby/sub/d/vallejo-gem-location-in-vallejo-br-lr/6969563525.html,2019-09-08,14:48,800.0,vallejo / benicia,240ft2
California,sfbay,sfc,sublets & temporary,Large Sunny Room Sublet 9/15-9/30,https://sfbay.craigslist.org/sfc/sub/d/san-francisco-large-sunny-room-sublet/6974351839.html,2019-09-08,14:44,800.0,nob hill,None
California,sfbay,eby,rooms & shares,舒適雅房  for rent Fremont 880 Mowry ex,https://sfbay.craigslist.org/eby/roo/d/fremont-for-rent-fremont-880-mowry-ex/6958202294.html,2019-09-08,14:31,640.0,fremont / union city / newark,100ft2
California,sfbay,eby,rooms & shares,Most Affordable Room with Private Bathroom    (in Mountain House City),https://sfbay.craigslist.org/eby/roo/d/tracy-most-affordable-room-with-private/6969458486.html,2019-09-08,14:20,695.0,dublin / pleasanton / livermore,None
California,sfbay,nby,rooms & shares,Quiet room available in 4-bedroom house,https://sfbay.craigslist.org/nby/roo/d/santa-rosa-quiet-room-available-in-4/6967641016.html,2019-09-08,14:17,710.0,santa rosa,None
California,sfbay,nby,rooms & shares,Room for rent,https://sfbay.craigslist.org/nby/roo/d/rohnert-park-room-for-rent/6969655881.html,2019-09-08,13:01,750.0,rohnert pk / cotati,130ft2
California,sfbay,sby,rooms & shares,"Large, peaceful room - SJ Hills house",https://sfbay.craigslist.org/sby/roo/d/san-jose-large-peaceful-room-sj-hills/6971730890.html,2019-09-08,13:50,798.0,san jose,None
California,sfbay,sby,rooms & shares,"Nice furnished room in downtown, minutes from SJSU!",https://sfbay.craigslist.org/sby/roo/d/san-jose-nice-furnished-room-in/6974237638.html,2019-09-08,11:56,750.0,san jose downtown,None
California,sfbay,sby,rooms & shares,"Private Bedroom in a 4 bed, 2 bath house w/d in unit",https://sfbay.craigslist.org/sby/roo/d/san-jose-private-bedroom-in-4-bed-2/6974234702.html,2019-09-08,11:53,740.0,san jose north,None
California,sfbay,sby,rooms & shares,"Available Rooms for rent in SFH, located in North Valley SJ",https://sfbay.craigslist.org/sby/roo/d/san-jose-available-rooms-for-rent-in/6974197387.html,2019-09-08,11:03,800.0,san jose north,None
California,sfbay,eby,rooms & shares,**$700/mo room for rent on beautiful Lake Alhambra in Antioch!**,https://sfbay.craigslist.org/eby/roo/d/antioch-700-mo-room-for-rent-on/6974192366.html,2019-09-08,10:56,700.0,brentwood / oakley,90ft2
California,sfbay,nby,rooms & shares,Room For Rent for a Male,https://sfbay.craigslist.org/nby/roo/d/room-for-rent-for-male/6974176881.html,2019-09-08,10:36,700.0,petaluma,None
California,sfbay,pen,rooms & shares,Cuarto en renta,https://sfbay.craigslist.org/pen/roo/d/pacifica-cuarto-en-renta/6974158312.html,2019-09-08,10:11,900.0,pacifica,None
California,sfbay,eby,rooms & shares,"Huge Highlands Ranch Home, Room in Pittsburg",https://sfbay.craigslist.org/eby/roo/d/antioch-huge-highlands-ranch-home-room/6974124124.html,2019-09-08,09:23,750.0,pittsburg / antioch,None
California,sfbay,nby,rooms & shares,ROHNERT PARK * ONE BEDROOM SHARE * UTILITIES INCLUDED **,https://sfbay.craigslist.org/nby/roo/d/rohnert-park-rohnert-park-one-bedroom/6974134496.html,2019-09-08,09:38,695.0,rohnert park,None
California,sfbay,eby,rooms & shares,Room For Rent Furnished + Internet,https://sfbay.craigslist.org/eby/roo/d/room-for-rent-furnished-internet/6968742366.html,2019-09-08,08:46,700.0,fremont / union city / newark,None
California,sfbay,sfc,rooms & shares,Furnished Private Room for Rent,https://sfbay.craigslist.org/sfc/roo/d/san-francisco-furnished-private-room/6970895290.html,2019-09-08,08:57,900.0,bayview,100ft2
California,sfbay,nby,rooms & shares,Seeking a special quiet male housemate in Forestville ($750),https://sfbay.craigslist.org/nby/roo/d/forestville-seeking-special-quiet-male/6969503657.html,2019-09-08,07:52,750.0,russian river,120ft2
California,sfbay,sby,rooms & shares,Room for Rent (Female Preferred),https://sfbay.craigslist.org/sby/roo/d/san-jose-room-for-rent-female-preferred/6970845503.html,2019-09-08,01:31,600.0,san jose east,None
California,sfbay,eby,rooms & shares,Room for rent Antioch $700,https://sfbay.craigslist.org/eby/roo/d/antioch-room-for-rent-antioch-700/6973957890.html,2019-09-08,00:44,700.0,pittsburg / antioch,None
California,sfbay,pen,rooms & shares,CUARTO DE RENTA,https://sfbay.craigslist.org/pen/roo/d/daly-city-cuarto-de-renta/6973942871.html,2019-09-07,22:37,800.0,daly city,None
California,sfbay,sby,rooms & shares,Two clean furnished rooms in quiet house,https://sfbay.craigslist.org/sby/roo/d/two-clean-furnished-rooms-in-quiet-house/6973937812.html,2019-09-07,22:07,750.0,san jose south,None
California,sfbay,eby,rooms & shares,Seeking female roommate for a private room in newly renovated house,https://sfbay.craigslist.org/eby/roo/d/fremont-seeking-female-roommate-for/6973925328.html,2019-09-07,21:09,725.0,fremont / union city / newark,None
California,sfbay,sby,rooms & shares,"$800/mo, utilities included - 10x10 - Milpitas",https://sfbay.craigslist.org/sby/roo/d/milpitas-800-mo-utilities-included/6973934109.html,2019-09-07,21:49,800.0,milpitas,100ft2
California,sfbay,sby,rooms & shares,Bedroom w/ Private Bath,https://sfbay.craigslist.org/sby/roo/d/bedroom-private-bath/6972357905.html,2019-09-07,18:28,800.0,sunnyvale,None
California,sfbay,nby,rooms & shares,Room in cozy condo,https://sfbay.craigslist.org/nby/roo/d/petaluma-room-in-cozy-condo/6970202502.html,2019-09-07,17:02,800.0,petaluma,None
California,sfbay,nby,rooms & shares,West side room available,https://sfbay.craigslist.org/nby/roo/d/petaluma-west-side-room-available/6968947781.html,2019-09-07,17:01,800.0,petaluma,None
California,sfbay,sby,rooms & shares,Evergreen Brand-new Room,https://sfbay.craigslist.org/sby/roo/d/san-jose-evergreen-brand-new-room/6973834140.html,2019-09-07,17:06,800.0,san jose east,None
California,sfbay,nby,rooms & shares,Two rooms for rent in The Riviera,https://sfbay.craigslist.org/nby/roo/d/clearlake-park-two-rooms-for-rent-in/6973820716.html,2019-09-07,16:30,650.0,lake county,None
California,sfbay,nby,rooms & shares,room for rent- 750,https://sfbay.craigslist.org/nby/roo/d/room-for-rent-750/6973804759.html,2019-09-07,16:02,750.0,santa rosa,11ft2
California,sfbay,sby,rooms & shares,ROOM FOR RENT $700,https://sfbay.craigslist.org/sby/roo/d/san-jose-room-for-rent-700/6973817642.html,2019-09-07,16:25,700.0,san jose,None
California,sfbay,sby,rooms & shares,Room For Rent,https://sfbay.craigslist.org/sby/roo/d/san-jose-room-for-rent/6973754805.html,2019-09-07,16:10,700.0,san jose south,None
California,sfbay,scz,rooms & shares,Room For Rent,https://sfbay.craigslist.org/scz/roo/d/capitola-room-for-rent/6973807239.html,2019-09-07,16:06,800.0,aptos,None
California,sfbay,eby,rooms & shares,2 upstairs rooms for rent ($750 or $900 each per month),https://sfbay.craigslist.org/eby/roo/d/pleasanton-2-upstairs-rooms-for-rent/6973783982.html,2019-09-07,15:52,750.0,dublin / pleasanton / livermore,145ft2
California,sfbay,eby,rooms & shares,Phòng cho thuê ở gần trường CSUEast Bay( ASAP),https://sfbay.craigslist.org/eby/roo/d/phng-cho-thu-gn-trng-csueast-bay-asap/6973798081.html,2019-09-07,15:51,650.0,hayward / castro valley,None
California,sfbay,eby,rooms & shares,Cuarto por renta/ room for rent in Suisun City,https://sfbay.craigslist.org/eby/roo/d/fairfield-cuarto-por-renta-room-for/6973770859.html,2019-09-07,15:06,650.0,fairfield / vacaville,None
California,sfbay,sby,rooms & shares,"Room for Rent, male Household, Great location",https://sfbay.craigslist.org/sby/roo/d/san-jose-room-for-rent-male-household/6973785486.html,2019-09-07,15:30,700.0,san jose south,115ft2
California,sfbay,sby,rooms & shares,AVAILABLE NOW room for rent!,https://sfbay.craigslist.org/sby/roo/d/san-jose-available-now-room-for-rent/6971774653.html,2019-09-07,15:00,750.0,san jose west,None
California,sfbay,sfc,sublets & temporary,**Master Bedroom Houseshare in Cute Home**,https://sfbay.craigslist.org/sfc/sub/d/san-francisco-master-bedroom-houseshare/6973680886.html,2019-09-07,14:34,557.0,san francisco,None
California,sfbay,sby,rooms & shares,雅房出租1BSB (Female preferred),https://sfbay.craigslist.org/sby/roo/d/san-jose-1bsb-female-preferred/6968917244.html,2019-09-07,14:43,650.0,san jose south,150ft2
California,sfbay,sby,sublets & temporary,month-to-month sublet near Eastridge,https://sfbay.craigslist.org/sby/sub/d/san-jose-month-to-month-sublet-near/6969518127.html,2019-09-07,13:34,633.0,san jose east,100ft2
California,sfbay,eby,rooms & shares,Private Room For Rent In Concord Available Immediately,https://sfbay.craigslist.org/eby/roo/d/concord-private-room-for-rent-in/6973671773.html,2019-09-07,13:09,775.0,concord / pleasant hill / martinez,None
California,sfbay,sfc,rooms & shares,16th Ave/Ulloa Bedroom,https://sfbay.craigslist.org/sfc/roo/d/san-francisco-16th-ave-ulloa-bedroom/6963763894.html,2019-09-07,13:44,900.0,west portal / forest hill,70ft2
California,sfbay,sfc,rooms & shares,Room Near SFSU,https://sfbay.craigslist.org/sfc/roo/d/san-francisco-room-near-sfsu/6963415026.html,2019-09-07,13:22,800.0,ingleside / sfsu / ccsf,94ft2
California,sfbay,sfc,rooms & shares,One br furnished clean now available,https://sfbay.craigslist.org/sfc/roo/d/san-mateo-one-br-furnished-clean-now/6973626898.html,2019-09-07,13:14,895.0,lower pac hts,None
California,sfbay,sby,rooms & shares,Furnished Room in a house- - South Fremont,https://sfbay.craigslist.org/sby/roo/d/milpitas-furnished-room-in-house-south/6973725088.html,2019-09-07,13:58,750.0,milpitas,None
California,sfbay,sby,rooms & shares,Clean and Bright 1 Private Bedroom North San Jose,https://sfbay.craigslist.org/sby/roo/d/san-jose-clean-and-bright-1-private/6973720982.html,2019-09-07,13:56,800.0,san jose north,None
California,sfbay,sby,rooms & shares,1 room for month-to-month sublet near Eastridge,https://sfbay.craigslist.org/sby/roo/d/san-jose-1-room-for-month-to-month/6969517223.html,2019-09-07,13:34,633.0,san jose east,100ft2
California,sfbay,eby,rooms & shares,**$700/mo room for rent on beautiful Lake Alhambra in Antioch!**,https://sfbay.craigslist.org/eby/roo/d/antioch-700-mo-room-for-rent-on/6973677883.html,2019-09-07,12:55,700.0,pittsburg / antioch,90ft2
California,sfbay,nby,rooms & shares,Room for Rent on Quiet Cul-De-Sac,https://sfbay.craigslist.org/nby/roo/d/santa-rosa-room-for-rent-on-quiet-cul/6973666712.html,2019-09-07,12:41,725.0,santa rosa,125ft2
California,sfbay,sby,rooms & shares,"ROOM FOR RENT in Hollister, CA",https://sfbay.craigslist.org/sby/roo/d/room-for-rent-in-hollister-ca/6973633412.html,2019-09-07,12:03,775.0,hollister,183ft2
California,sfbay,pen,rooms & shares,$895 one br furnished utilities included,https://sfbay.craigslist.org/pen/roo/d/san-mateo-895-one-br-furnished/6973630469.html,2019-09-07,11:58,895.0,east palo alto,None
California,sfbay,pen,rooms & shares,Furnished(rented already),https://sfbay.craigslist.org/pen/roo/d/daly-city-furnishedrented-already/6973616040.html,2019-09-07,11:41,750.0,daly city,None
California,sfbay,sby,rooms & shares,Cozy Bedroom Furnished with Private Bath Immed Open,https://sfbay.craigslist.org/sby/roo/d/sunnyvale-cozy-bedroom-furnished-with/6973607069.html,2019-09-07,11:31,700.0,sunnyvale,None
California,sfbay,sby,rooms & shares,Bedroom in a single house- 680/280,https://sfbay.craigslist.org/sby/roo/d/san-jose-bedroom-in-single-house/6973585912.html,2019-09-07,11:08,800.0,san jose north,140ft2
California,sfbay,eby,sublets & temporary,$700 Room for rent Antioch $700 (pittsburg / antioch),https://sfbay.craigslist.org/eby/sub/d/antioch-700-room-for-rent-antioch-700/6973568706.html,2019-09-07,10:49,700.0,pittsburg / antioch,None
California,sfbay,nby,rooms & shares,Private Room Shared Bath Near SRJC,https://sfbay.craigslist.org/nby/roo/d/santa-rosa-private-room-shared-bath/6973556326.html,2019-09-07,10:38,700.0,santa rosa,95ft2
California,sfbay,sby,rooms & shares,北圣何西雅房出租,https://sfbay.craigslist.org/sby/roo/d/san-jose/6969141506.html,2019-09-07,10:29,700.0,san jose north,120ft2
California,sfbay,eby,rooms & shares,1 Room in 3bed/2bath - Downtown Brentwood home for rent,https://sfbay.craigslist.org/eby/roo/d/brentwood-1-room-in-3bed-2bath-downtown/6973504202.html,2019-09-07,09:39,700.0,brentwood / oakley,None
California,sfbay,eby,rooms & shares,Bedroom in a 2/1 single house in tranquil and beautiful neighboorhood,https://sfbay.craigslist.org/eby/roo/d/vallejo-bedroom-in-2-1-single-house-in/6973477107.html,2019-09-07,09:09,750.0,vallejo / benicia,155ft2
California,sfbay,sfc,rooms & shares,Small Private Suite - no kitchen -$900,https://sfbay.craigslist.org/sfc/roo/d/san-francisco-small-private-suite-no/6973475088.html,2019-09-07,09:07,900.0,portola district,96ft2
California,sfbay,sby,rooms & shares,Bedroom in a recently remodeled house,https://sfbay.craigslist.org/sby/roo/d/san-jose-bedroom-in-recently-remodeled/6973447970.html,2019-09-07,08:37,800.0,campbell,950ft2
California,sfbay,eby,rooms & shares,$680 Private bedroom for female utilities included,https://sfbay.craigslist.org/eby/roo/d/tracy-680-private-bedroom-for-female/6973364363.html,2019-09-07,06:53,680.0,tracy,None
California,sfbay,nby,rooms & shares,$795 Room for rent Cordelia (Fairfield),https://sfbay.craigslist.org/nby/roo/d/fairfield-795-room-for-rent-cordelia/6963630416.html,2019-09-07,04:35,795.0,napa county,2400ft2
California,sfbay,pen,rooms & shares,Private Room for Rent near Beach,https://sfbay.craigslist.org/pen/roo/d/pacifica-private-room-for-rent-near/6969593633.html,2019-09-07,01:01,925.0,pacifica,190ft2
California,sfbay,eby,rooms & shares,Employed Smoker Welcomed. Wifi,https://sfbay.craigslist.org/eby/roo/d/american-canyon-employed-smoker/6966108294.html,2019-09-07,00:15,750.0,vallejo / benicia,120ft2
California,sfbay,pen,rooms & shares,Attractive Room for Rent,https://sfbay.craigslist.org/pen/roo/d/daly-city-attractive-room-for-rent/6973272878.html,2019-09-07,00:35,900.0,daly city,120ft2
California,sfbay,eby,rooms & shares,"for a beautiful room, super nice owner  in Tracy",https://sfbay.craigslist.org/eby/roo/d/tracy-for-beautiful-room-super-nice/6973260646.html,2019-09-06,23:00,560.0,dublin / pleasanton / livermore,None
California,sfbay,sby,rooms & shares,$700 / 270ft2 - Room for share near SJSU,https://sfbay.craigslist.org/sby/roo/d/san-jose-ft2-room-for-share-near-sjsu/6968416225.html,2019-09-06,23:21,700.0,san jose downtown,270ft2
California,sfbay,sby,rooms & shares,ROOM FOR RENT!  UTILITIES INCLUDED!,https://sfbay.craigslist.org/sby/roo/d/san-jose-room-for-rent-utilities/6973258984.html,2019-09-06,22:46,800.0,san jose east,None
California,sfbay,eby,rooms & shares,"Housemate Wanted - Pittsburg, Walk to LMC",https://sfbay.craigslist.org/eby/roo/d/antioch-housemate-wanted-pittsburg-walk/6973241823.html,2019-09-06,21:22,750.0,pittsburg / antioch,134ft2
California,sfbay,eby,rooms & shares,LARGE Bedroom available for rent in a HUGE house ******,https://sfbay.craigslist.org/eby/roo/d/fremont-large-bedroom-available-for/6973237254.html,2019-09-06,21:03,750.0,fremont / union city / newark,None
California,sfbay,nby,rooms & shares,Room for rent close to SSU $800 utilities included,https://sfbay.craigslist.org/nby/roo/d/rohnert-park-room-for-rent-close-to-ssu/6973242354.html,2019-09-06,21:24,800.0,rohnert pk / cotati,None
California,sfbay,sby,rooms & shares,Nice room for rent 明亮房间租金：每月700,https://sfbay.craigslist.org/sby/roo/d/san-jose-nice-room-for-rent-700/6964382546.html,2019-09-06,21:17,700.0,san jose north,120ft2
California,sfbay,eby,rooms & shares,1 Room for rent in a beautiful home in Brentwood (Hablo Español),https://sfbay.craigslist.org/eby/roo/d/brentwood-1-room-for-rent-in-beautiful/6973223320.html,2019-09-06,20:16,700.0,brentwood / oakley,2770ft2
California,sfbay,eby,rooms & shares,Shared rental,https://sfbay.craigslist.org/eby/roo/d/antioch-shared-rental/6973222227.html,2019-09-06,20:12,700.0,pittsburg / antioch,None
California,sfbay,eby,rooms & shares,Room for Rent/Downtown Antioch,https://sfbay.craigslist.org/eby/roo/d/antioch-room-for-rent-downtown-antioch/6967857343.html,2019-09-06,19:16,550.0,pittsburg / antioch,140ft2
California,sfbay,sfc,rooms & shares,Room for one more in a quiet house near SF,https://sfbay.craigslist.org/sfc/roo/d/daly-city-room-for-one-more-in-quiet/6973193726.html,2019-09-06,19:02,800.0,none,74ft2
California,sfbay,eby,rooms & shares,master bedroom $780 Oct 1st,https://sfbay.craigslist.org/eby/roo/d/concord-master-bedroom-780-oct-1st/6973187187.html,2019-09-06,18:41,780.0,concord / pleasant hill / martinez,None
California,sfbay,sfc,rooms & shares,Queer/ Kinky/ Poly Housing in Dogpatch area $750-1200/ month,https://sfbay.craigslist.org/sfc/roo/d/san-francisco-queer-kinky-poly-housing/6973178698.html,2019-09-06,18:22,900.0,potrero hill,None
California,sfbay,eby,rooms & shares,Room in a house near Fremont Bart/Main Library,https://sfbay.craigslist.org/eby/roo/d/fremont-room-in-house-near-fremont-bart/6973152930.html,2019-09-06,17:33,725.0,fremont / union city / newark,110ft2
California,sfbay,eby,rooms & shares,Small Room in Emeryville Economical,https://sfbay.craigslist.org/eby/roo/d/emeryville-small-room-in-emeryville/6973146674.html,2019-09-06,17:20,699.0,emeryville,None
California,sfbay,eby,rooms & shares,1 Room for rent in a beautiful home in Oakley (Hablo Español),https://sfbay.craigslist.org/eby/roo/d/knightsen-1-room-for-rent-in-beautiful/6973136864.html,2019-09-06,17:03,700.0,brentwood / oakley,2770ft2
California,sfbay,pen,rooms & shares,**Clean 1 Bdrm**All Utilities Included**10 X 10ft**Females Only**,https://sfbay.craigslist.org/pen/roo/d/san-bruno-clean-1-bdrmall-utilities/6956705408.html,2019-09-06,17:58,915.0,san bruno,100ft2
California,sfbay,sby,rooms & shares,Private room/ Shared bath $800,https://sfbay.craigslist.org/sby/roo/d/san-jose-private-room-shared-bath-800/6973152849.html,2019-09-06,17:31,800.0,san jose east,None
California,sfbay,sfc,sublets & temporary,1BR/1BA Apartment Sublet Sep. 14-23,https://sfbay.craigslist.org/sfc/sub/d/san-francisco-1br-1ba-apartment-sublet/6969216247.html,2019-09-06,16:03,800.0,inner sunset,650ft2
California,sfbay,sfc,rooms & shares,Furnished room available 9/13-27,https://sfbay.craigslist.org/sfc/roo/d/san-francisco-furnished-room-available/6973131471.html,2019-09-06,16:54,800.0,lower haight,None
California,sfbay,sby,rooms & shares,Furnished commuter room (M-F) - utilities included available now,https://sfbay.craigslist.org/sby/roo/d/sunnyvale-furnished-commuter-room-f/6969124303.html,2019-09-06,15:53,800.0,sunnyvale,130ft2
California,sfbay,eby,rooms & shares,Benicia Room Charming Waterfront Village Fabulous Amenities.,https://sfbay.craigslist.org/eby/roo/d/port-costa-benicia-room-charming/6973018276.html,2019-09-06,14:33,750.0,vallejo / benicia,144ft2
California,sfbay,eby,rooms & shares,Beautiful Room for Female in Benicia.,https://sfbay.craigslist.org/eby/roo/d/benicia-beautiful-room-for-female-in/6973014229.html,2019-09-06,14:19,725.0,vallejo / benicia,118ft2
California,sfbay,nby,rooms & shares,Benicia room exquisite amenities enchanting waterside village.,https://sfbay.craigslist.org/nby/roo/d/port-costa-benicia-room-exquisite/6973011102.html,2019-09-06,14:05,750.0,benicia ca,145ft2
California,sfbay,sfc,rooms & shares,Single Room In sunny Visitacion Valley,https://sfbay.craigslist.org/sfc/roo/d/san-francisco-single-room-in-sunny/6973019769.html,2019-09-06,14:16,700.0,visitacion valley,144ft2
California,sfbay,nby,rooms & shares,Beautiful Room Available For Female in Benicia CA.,https://sfbay.craigslist.org/nby/roo/d/benicia-beautiful-room-available-for/6973004027.html,2019-09-06,13:57,725.0,benicia ca,120ft2
California,sfbay,eby,rooms & shares,Room for Rent,https://sfbay.craigslist.org/eby/roo/d/brentwood-room-for-rent/6972900025.html,2019-09-06,12:00,750.0,brentwood,None
California,sfbay,pen,rooms & shares,ATTN: LADIES ROOM FOR RENT,https://sfbay.craigslist.org/pen/roo/d/san-mateo-attn-ladies-room-for-rent/6964551417.html,2019-09-06,12:55,800.0,san mateo,None
California,sfbay,eby,rooms & shares,Room $725 per month utilities included,https://sfbay.craigslist.org/eby/roo/d/pittsburg-room-725-per-month-utilities/6968959442.html,2019-09-06,11:43,725.0,pittsburg / antioch,None
California,sfbay,sfc,rooms & shares,Old Skool LGBTQ eco-conscious home! $900,https://sfbay.craigslist.org/sfc/roo/d/san-francisco-old-skool-lgbtq-eco/6972890919.html,2019-09-06,11:50,900.0,bernal heights,600ft2
California,sfbay,sfc,rooms & shares,Good size private room,https://sfbay.craigslist.org/sfc/roo/d/san-francisco-good-size-private-room/6970445372.html,2019-09-06,11:14,900.0,ingleside / sfsu / ccsf,None
California,sfbay,nby,rooms & shares,Large Bdrm. w/Private Bath near Ocean,https://sfbay.craigslist.org/nby/roo/d/caspar-large-bdrm-private-bath-near/6972835398.html,2019-09-06,10:54,750.0,"fort bragg, ca",250ft2
California,sfbay,sby,rooms & shares,COMMUTER ROOM (4 NIGHTS A WEEK),https://sfbay.craigslist.org/sby/roo/d/commuter-room-4-nights-week/6972798565.html,2019-09-06,10:16,675.0,south san jose,None
California,sfbay,eby,rooms & shares,SPACIOUS CLEAN ROOM FOR RENT! NEAR NEW BART!! :),https://sfbay.craigslist.org/eby/roo/d/antioch-spacious-clean-room-for-rent/6968209353.html,2019-09-06,09:45,650.0,pittsburg / antioch,None
California,sfbay,eby,rooms & shares,Peaceful & Quite Home: Utilities and Wi-Fi Included,https://sfbay.craigslist.org/eby/roo/d/peaceful-quite-home-utilities-and-wi-fi/6972670771.html,2019-09-06,08:05,550.0,vallejo / benicia,None
California,sfbay,scz,rooms & shares,Nice room for rent,https://sfbay.craigslist.org/scz/roo/d/watsonville-nice-room-for-rent/6972705563.html,2019-09-06,08:42,850.0,watsonville,153ft2
California,sfbay,eby,rooms & shares,Nice Room in a house for only $770 a month + deposit($700),https://sfbay.craigslist.org/eby/roo/d/walnut-creek-nice-room-in-house-for/6972626603.html,2019-09-06,07:14,770.0,walnut creek,None
California,sfbay,sfc,rooms & shares,"Very small room for a male commuter ( great, safe location!)",https://sfbay.craigslist.org/sfc/roo/d/san-francisco-very-small-room-for-male/6972644738.html,2019-09-06,07:35,600.0,"san francisco, geary/divisadero",None
California,sfbay,eby,rooms & shares,Private room and private bath,https://sfbay.craigslist.org/eby/roo/d/antioch-private-room-and-private-bath/6972526703.html,2019-09-06,02:54,700.0,pittsburg / antioch,None
California,sfbay,sby,rooms & shares,Furnished large bedroom for rent 雅房分租 (util included),https://sfbay.craigslist.org/sby/roo/d/milpitas-furnished-large-bedroom-for/6972512321.html,2019-09-06,00:13,680.0,milpitas,135ft2
California,sfbay,eby,rooms & shares,$700 Quiet TRACY room for rent - FEMALE only - $700,https://sfbay.craigslist.org/eby/roo/d/tracy-700-quiet-tracy-room-for-rent/6972504611.html,2019-09-05,23:10,700.0,dublin / pleasanton / livermore,None
California,sfbay,eby,rooms & shares,Room For Rent,https://sfbay.craigslist.org/eby/roo/d/vallejo-room-for-rent/6952711747.html,2019-09-05,22:58,700.0,vallejo / benicia,162ft2
California,sfbay,eby,rooms & shares,Se rentan dos cuartos en Antioch por la calle g $750 cada uno en una casa,https://sfbay.craigslist.org/eby/roo/d/antioch-se-rentan-dos-cuartos-en/6967600113.html,2019-09-05,21:50,750.0,pittsburg / antioch,None
California,sfbay,eby,rooms & shares,"Room for rent, utilities included, Nice and Quiet",https://sfbay.craigslist.org/eby/roo/d/newark-room-for-rent-utilities-included/6972470008.html,2019-09-05,20:36,750.0,fremont / union city / newark,None
California,sfbay,eby,rooms & shares,$600 -included utilities -single bedroom - có phòng cho phái nữ mư,https://sfbay.craigslist.org/eby/roo/d/fremont-600-included-utilities-single/6972379441.html,2019-09-05,17:32,600.0,fremont / union city / newark,110ft2
California,sfbay,sby,rooms & shares,Calm & Quiet - Room for Rent,https://sfbay.craigslist.org/sby/roo/d/calm-quiet-room-for-rent/6963420537.html,2019-09-05,17:30,795.0,gilroy,2200ft2
California,sfbay,sby,rooms & shares,Furnish Room Close to park/Ranch99/Costco/VTA/880/680/BART,https://sfbay.craigslist.org/sby/roo/d/san-jose-furnish-room-close-to-park/6953061619.html,2019-09-05,17:13,800.0,san jose north,144ft2
California,sfbay,eby,rooms & shares,Travel nurse/room for rent,https://sfbay.craigslist.org/eby/roo/d/pittsburg-travel-nurse-room-for-rent/6972373414.html,2019-09-05,16:58,650.0,pittsburg / antioch,None
California,sfbay,eby,rooms & shares,Private room in newer SMART home,https://sfbay.craigslist.org/eby/roo/d/oakley-private-room-in-newer-smart-home/6972373216.html,2019-09-05,16:57,750.0,brentwood / oakley,None
California,sfbay,scz,sublets & temporary,Large Furnished Vacation Studio- Utilities & WiFi Included,https://sfbay.craigslist.org/scz/sub/d/aptos-large-furnished-vacation-studio/6970379482.html,2019-09-05,14:50,850.0,aptos,500ft2
California,sfbay,eby,rooms & shares,BEAUTYFUL TROPICAL HOME 650,https://sfbay.craigslist.org/eby/roo/d/tracy-beautyful-tropical-home-650/6972291558.html,2019-09-05,14:50,650.0,dublin / pleasanton / livermore,None
California,sfbay,eby,rooms & shares,Room for Rent. Peace and Quiet,https://sfbay.craigslist.org/eby/roo/d/antioch-room-for-rent-peace-and-quiet/6972210817.html,2019-09-05,13:10,700.0,pittsburg / antioch,None
California,sfbay,sfc,rooms & shares,$600 ✖ Bedroom available RN—Sept,https://sfbay.craigslist.org/sfc/roo/d/san-francisco-600-bedroom-available/6972235124.html,2019-09-05,13:47,600.0,treasure island,None
California,sfbay,eby,rooms & shares,$700.00/room for one person.,https://sfbay.craigslist.org/eby/roo/d/concord-room-for-one-person/6954806301.html,2019-09-05,12:12,700.0,pittsburg / antioch,30ft2
California,sfbay,sby,rooms & shares,"【出租 Share Bath-Bedroom】800, month 2 month aftter 6 month",https://sfbay.craigslist.org/sby/roo/d/san-jose-share-bath-bedroom800-month-2/6965542459.html,2019-09-05,12:50,800.0,san jose north,None
California,sfbay,sby,rooms & shares,Room near SJSU for $800,https://sfbay.craigslist.org/sby/roo/d/san-jose-room-near-sjsu-for-800/6972189336.html,2019-09-05,12:45,800.0,san jose downtown,None
California,sfbay,sby,rooms & shares,南灣雅房出租,https://sfbay.craigslist.org/sby/roo/d/san-jose/6972106329.html,2019-09-05,12:37,750.0,san jose north,125ft2
California,sfbay,eby,rooms & shares,Furnished Rooms for Rent in Benicia,https://sfbay.craigslist.org/eby/roo/d/orangevale-furnished-rooms-for-rent-in/6961053706.html,2019-09-05,10:56,750.0,benicia,160ft2
California,sfbay,sby,rooms & shares,"Spacious Beautiful Home, Pvt. BA - $200 deposit",https://sfbay.craigslist.org/sby/roo/d/san-jose-spacious-beautiful-home-pvt-ba/6972090362.html,2019-09-05,10:57,795.0,san jose north,None
California,sfbay,sby,rooms & shares,room for rent with ceiling fan and air conditioner 550,https://sfbay.craigslist.org/sby/roo/d/san-jose-room-for-rent-with-ceiling-fan/6972053499.html,2019-09-05,10:17,550.0,san jose south,None
California,sfbay,eby,rooms & shares,Private Room for Rent w/shared Bathroom,https://sfbay.craigslist.org/eby/roo/d/antioch-private-room-for-rent-shared/6972032069.html,2019-09-05,09:54,700.0,pittsburg / antioch,None
California,sfbay,sfc,rooms & shares,Room For Rent,https://sfbay.craigslist.org/sfc/roo/d/san-leandro-room-for-rent/6971924767.html,2019-09-05,07:58,850.0,financial district,144ft2
California,sfbay,sfc,rooms & shares,1 room available in a  5 bedroom flat $850,https://sfbay.craigslist.org/sfc/roo/d/san-francisco-1-room-available-in-5/6971895470.html,2019-09-05,07:41,850.0,mission district,None
California,sfbay,pen,sublets & temporary,"Clean and Quiet 1Bed/1Bath; Appliances, Parking Included",https://sfbay.craigslist.org/pen/sub/d/palo-alto-clean-and-quiet-1bed-1bath/6971827625.html,2019-09-05,06:36,685.0,palo alto,None
California,sfbay,sby,sublets & temporary,Beautiful 1 Bedroom apt Home W/ Private Patio & Awesome View!,https://sfbay.craigslist.org/sby/sub/d/cupertino-beautiful-1-bedroom-apt-home/6971782176.html,2019-09-05,03:15,670.0,cupertino,None
California,sfbay,sfc,sublets & temporary,Available Now Furnished 1 Bedroom ~ Great Location ~ Extendable,https://sfbay.craigslist.org/sfc/sub/d/san-francisco-available-now-furnished-1/6971782688.html,2019-09-05,02:15,700.0,soma / south beach,None
California,sfbay,sby,sublets & temporary,Room Available Sep 16-28 (Sunnyvale) $550,https://sfbay.craigslist.org/sby/sub/d/sunnyvale-room-available-sep-sunnyvale/6971781687.html,2019-09-05,01:29,550.0,sunnyvale,None
California,sfbay,pen,rooms & shares,1 Bedroom for rent in 3 bedroom house $850/month,https://sfbay.craigslist.org/pen/roo/d/palo-alto-1-bedroom-for-rent-in-3/6971779578.html,2019-09-05,01:04,850.0,east palo alto,1200ft2
California,sfbay,sfc,rooms & shares,Available Now Furnished 1 Bedroom in a 2BR ~ Great Location Extendable,https://sfbay.craigslist.org/sfc/roo/d/san-francisco-available-now-furnished-1/6971783478.html,2019-09-05,01:57,600.0,soma / south beach,None
California,sfbay,eby,rooms & shares,Quiet furn. room; Concord: includes Utilities & Housekeeping,https://sfbay.craigslist.org/eby/roo/d/concord-quiet-furn-room-concord/6971764933.html,2019-09-04,22:55,750.0,concord / pleasant hill / martinez,110ft2
California,sfbay,sby,rooms & shares,Private Room in 3bed/1bath Apartment,https://sfbay.craigslist.org/sby/roo/d/san-jose-private-room-in-3bed-1bath/6971763041.html,2019-09-04,22:43,800.0,campbell,None
California,sfbay,eby,rooms & shares,东湾 San Lorenzo 宽敞单房出租,https://sfbay.craigslist.org/eby/roo/d/san-lorenzo-san-lorenzo/6971691734.html,2019-09-04,18:51,600.0,hayward / castro valley,200ft2
California,sfbay,scz,rooms & shares,Room for Rent in Aptos,https://sfbay.craigslist.org/scz/roo/d/aptos-room-for-rent-in-aptos/6971693645.html,2019-09-04,18:56,820.0,aptos,None
California,sfbay,nby,rooms & shares,南灣雅房出租,https://sfbay.craigslist.org/nby/roo/d/san-jose/6963677070.html,2019-09-04,17:15,750.0,san jose,125ft2
California,sfbay,sfc,rooms & shares,Two private rooms in Sunset available immediately,https://sfbay.craigslist.org/sfc/roo/d/san-francisco-two-private-rooms-in/6971654431.html,2019-09-04,17:37,850.0,sunset / parkside,None
California,sfbay,sby,rooms & shares,One furnished room for rent雅房出租,https://sfbay.craigslist.org/sby/roo/d/milpitas-one-furnished-room-for-rent/6971658460.html,2019-09-04,17:44,750.0,milpitas,150ft2
California,sfbay,sby,rooms & shares,HighQuality Private/Shared Bedroom is Looking for Professional/Student,https://sfbay.craigslist.org/sby/roo/d/san-jose-highquality-private-shared/6968193149.html,2019-09-04,17:36,600.0,san jose west,100ft2
California,sfbay,sby,rooms & shares,$2BR/Private Bath Short Term (2 weeks),https://sfbay.craigslist.org/sby/roo/d/sunnyvale-2br-private-bath-short-term-2/6971632418.html,2019-09-04,17:00,700.0,sunnyvale,1170ft2
California,sfbay,scz,rooms & shares,Room for rent in beautiful home. Clean & Professional ONLY,https://sfbay.craigslist.org/scz/roo/d/watsonville-room-for-rent-in-beautiful/6971638728.html,2019-09-04,17:10,800.0,watsonville,None
California,sfbay,sby,rooms & shares,Discrete cross dresser looking for roommate,https://sfbay.craigslist.org/sby/roo/d/santa-clara-discrete-cross-dresser/6967342839.html,2019-09-04,14:52,800.0,santa clara,None
California,sfbay,sby,rooms & shares,Room For Rent - Clean and Quiet House has a room for rent $650/month,https://sfbay.craigslist.org/sby/roo/d/san-jose-room-for-rent-clean-and-quiet/6971485749.html,2019-09-04,14:08,650.0,san jose north,120ft2
California,sfbay,pen,rooms & shares,Room Available 10/1/19,https://sfbay.craigslist.org/pen/roo/d/daly-city-room-available/6971491618.html,2019-09-04,13:44,900.0,daly city,None
California,sfbay,sfc,rooms & shares,"Large, sunny room in the Mission - female only 🌞",https://sfbay.craigslist.org/sfc/roo/d/san-francisco-large-sunny-room-in-the/6971487625.html,2019-09-04,13:45,850.0,mission district,None
California,sfbay,sfc,sublets & temporary,SPACIOUS 1 BDR W/ 2 LAW STUDENTS AVAILABLE NOW.,https://sfbay.craigslist.org/sfc/sub/d/san-francisco-spacious-1-bdr-2-law/6971400520.html,2019-09-04,12:00,532.0,san francisco,None
California,sfbay,sfc,rooms & shares,"Avail ASAP - 1 br in 5br/1 split bath - Hayes, near Oak & Octavia",https://sfbay.craigslist.org/sfc/roo/d/san-francisco-avail-asap-1-br-in-5br-1/6971449381.html,2019-09-04,12:55,850.0,hayes valley,None
California,sfbay,sby,rooms & shares,Room for Rent in Top Floor Condo (Out of Town Commuter Preferred),https://sfbay.craigslist.org/sby/roo/d/san-jose-room-for-rent-in-top-floor/6971398990.html,2019-09-04,11:59,800.0,san jose west,154ft2
California,sfbay,nby,rooms & shares,Room for Rent,https://sfbay.craigslist.org/nby/roo/d/napa-room-for-rent/6971284008.html,2019-09-04,09:59,800.0,napa county,1000ft2
California,sfbay,sby,rooms & shares,3 beds 1.5 baths - 2 rooms available for rent,https://sfbay.craigslist.org/sby/roo/d/san-jose-3-beds-15-baths-2-rooms/6971221065.html,2019-09-04,09:25,802.0,san jose south,None
California,sfbay,nby,sublets & temporary,Private room/shared bath along Matanzas Creek near Downtown Santa Rosa,https://sfbay.craigslist.org/nby/sub/d/santa-rosa-private-room-shared-bath/6971212249.html,2019-09-04,08:45,700.0,santa rosa,None
California,sfbay,sby,rooms & shares,"family home 4 bedroom, 1 furnished room for rent 750..",https://sfbay.craigslist.org/sby/roo/d/san-jose-family-home-4-bedroom-1/6959777668.html,2019-09-04,08:48,750.0,campbell,95ft2
California,sfbay,eby,rooms & shares,Room for Rent in Fairfield,https://sfbay.craigslist.org/eby/roo/d/room-for-rent-in-fairfield/6971140543.html,2019-09-04,07:24,750.0,fairfield / vacaville,None
