CL State,CL Region,CL District,Housing Category,Post ID,Repost of (Post ID),Title,URL,Date Posted,Time Posted,Price,Location,Post has Image,Post has Geotag,Bedrooms,Area
California,sfbay,nby,rooms & shares,6976097701,6963975338,PrimeLocationWalkToSSU,https://sfbay.craigslist.org/nby/roo/d/rohnert-park-primelocationwalktossu/6976097701.html,2019-09-10,23:02,$695,rohnert pk / cotati,True,None,None,None
California,sfbay,nby,rooms & shares,6976097371,6941234881,Room(s) for Rent,https://sfbay.craigslist.org/nby/roo/d/el-verano-rooms-for-rent/6976097371.html,2019-09-10,23:00,$1000,sonoma,True,None,None,None
California,sfbay,nby,rooms & shares,6974490058,6950438071,Bedroom/Private Bath/Private backyard entry,https://sfbay.craigslist.org/nby/roo/d/napa-bedroom-private-bath-private/6974490058.html,2019-09-10,22:29,$1200,napa county,True,None,None,218ft2
California,sfbay,nby,rooms & shares,6958614374,6890736962,Room for rent in Larkfield,https://sfbay.craigslist.org/nby/roo/d/fulton-room-for-rent-in-larkfield/6958614374.html,2019-09-10,21:54,$950,santa rosa,True,None,None,None
California,sfbay,nby,rooms & shares,6971672024,4783976780,"Looking for roommate in Rincon Valley, utilities included.",https://sfbay.craigslist.org/nby/roo/d/looking-for-roommate-in-rincon-valley/6971672024.html,2019-09-10,21:28,$1000,santa rosa,True,None,None,1220ft2
California,sfbay,nby,rooms & shares,6976076599,6924045376,Room FOR RENT in Healdsburg,https://sfbay.craigslist.org/nby/roo/d/healdsburg-room-for-rent-in-healdsburg/6976076599.html,2019-09-10,21:17,$1000,healdsburg / windsor,True,None,None,None
California,sfbay,nby,rooms & shares,6976073709,6695001716,$850 room in house L section,https://sfbay.craigslist.org/nby/roo/d/rohnert-park-850-room-in-house-section/6976073709.html,2019-09-10,21:06,$850,rohnert pk / cotati,True,None,None,950ft2
California,sfbay,nby,rooms & shares,6970498915,6402680119,Room for Rent in Single Family house,https://sfbay.craigslist.org/nby/roo/d/rohnert-park-room-for-rent-in-single/6970498915.html,2019-09-10,21:05,$800,rohnert pk / cotati,True,None,None,108ft2
California,sfbay,nby,rooms & shares,6974365345,6466057954,Bedroom+ separate bath 1195,https://sfbay.craigslist.org/nby/roo/d/san-rafael-bedroom-separate-bath-1195/6974365345.html,2019-09-10,19:22,$1195,fairfax,True,None,None,None
California,sfbay,nby,rooms & shares,6962598388,5394565284,Room in Wine Country Furnished includes utilities. Available 12/1/2019,https://sfbay.craigslist.org/nby/roo/d/room-in-wine-country-furnished-includes/6962598388.html,2019-09-10,19:14,$850,santa rosa,True,None,None,None
California,sfbay,nby,rooms & shares,6962598734,5394565284,Room in Wine Country Furnished includes utilities. Available 12/1/2019,https://sfbay.craigslist.org/nby/roo/d/room-in-wine-country-furnished-includes/6962598734.html,2019-09-10,19:13,$850,santa rosa,True,None,None,None
California,sfbay,nby,rooms & shares,6971370119,None,"Room available, Utilities included, Private Bath",https://sfbay.craigslist.org/nby/roo/d/rohnert-park-room-available-utilities/6971370119.html,2019-09-10,19:09,$850,rohnert pk / cotati,True,None,None,100ft2
California,sfbay,nby,rooms & shares,6975982632,6926639966,**Nice room for rent**,https://sfbay.craigslist.org/nby/roo/d/forestville-nice-room-for-rent/6975982632.html,2019-09-10,19:09,$650,russian river,True,None,None,150ft2
California,sfbay,nby,rooms & shares,6975982874,6926637414,**Nice room w/Private entrance**,https://sfbay.craigslist.org/nby/roo/d/forestville-nice-room-private-entrance/6975982874.html,2019-09-10,18:59,$650,russian river,True,None,None,150ft2
California,sfbay,nby,rooms & shares,6969754757,5853936542,Room with bath for rent - Eastside petaluma,https://sfbay.craigslist.org/nby/roo/d/petaluma-room-with-bath-for-rent/6969754757.html,2019-09-10,18:56,$1100,petaluma,True,None,None,250ft2
California,sfbay,nby,rooms & shares,6976012779,6955128216,House to share on country vineyard estate with view,https://sfbay.craigslist.org/nby/roo/d/penngrove-house-to-share-on-country/6976012779.html,2019-09-10,18:26,$1200,rohnert pk / cotati,True,None,None,180ft2
California,sfbay,nby,rooms & shares,6975993941,6839188524,Sunny Bedroom and Private Bath    Southern Novato,https://sfbay.craigslist.org/nby/roo/d/ross-sunny-bedroom-and-private-bath/6975993941.html,2019-09-10,17:45,$1175,novato,True,None,None,None
California,sfbay,nby,rooms & shares,6975966461,6946174073,room for rent for INTERNS- month to month,https://sfbay.craigslist.org/nby/roo/d/rutherford-room-for-rent-for-interns/6975966461.html,2019-09-10,16:56,$1200,napa county,True,None,None,None
California,sfbay,nby,rooms & shares,6975949989,None,Room for rent in quiet Rohnert Park House,https://sfbay.craigslist.org/nby/roo/d/rohnert-park-room-for-rent-in-quiet/6975949989.html,2019-09-10,16:30,$850,rohnert pk / cotati,True,None,None,None
California,sfbay,nby,rooms & shares,6975946157,6966788369,Rad Pad-Looking for New Roommate,https://sfbay.craigslist.org/nby/roo/d/santa-rosa-rad-pad-looking-for-new/6975946157.html,2019-09-10,16:24,$900,santa rosa,True,None,None,None
California,sfbay,nby,rooms & shares,6975932818,6735693776,***BEAUTIFUL LG. RM*FREE UTIL*WI FI*LG YARD*QUIET*CLEAN*PIC,https://sfbay.craigslist.org/nby/roo/d/rohnert-park-beautiful-lg-rmfree-utilwi/6975932818.html,2019-09-10,16:04,$850,rohnert pk / cotati,True,None,None,1850ft2
California,sfbay,nby,rooms & shares,6973126065,6787028868,Bucolic setting in downtown Mill Valley,https://sfbay.craigslist.org/nby/roo/d/mill-valley-bucolic-setting-in-downtown/6973126065.html,2019-09-10,14:16,$1200,mill valley,True,None,None,None
California,sfbay,nby,rooms & shares,6972514475,6445424589,GREAT LOCATION! Montgomery Village Home-AVAILABLE OCTOBER 1,https://sfbay.craigslist.org/nby/roo/d/santa-rosa-great-location-montgomery/6972514475.html,2019-09-10,13:21,$795,santa rosa,True,None,None,None
California,sfbay,nby,rooms & shares,6973642841,6948749876,Big Comfortable House Share,https://sfbay.craigslist.org/nby/roo/d/mill-valley-big-comfortable-house-share/6973642841.html,2019-09-10,13:07,$1000,mill valley,True,None,None,None
California,sfbay,nby,rooms & shares,6975737921,4892771425,Room in NON SMOKING HOUSE. Internet/Cable utils included,https://sfbay.craigslist.org/nby/roo/d/vallejo-room-in-non-smoking-house/6975737921.html,2019-09-10,12:04,$650,napa county,True,None,None,114ft2
California,sfbay,nby,rooms & shares,6975737078,4892771425,Room in NON SMOKING HOUSE. Internet/Cable utils included,https://sfbay.craigslist.org/nby/roo/d/vallejo-room-in-non-smoking-house/6975737078.html,2019-09-10,12:03,$650,napa county,True,None,None,114ft2
California,sfbay,nby,rooms & shares,6975720094,4903546151,A PLACE YOU CAN CALL HOME WITH JACUZZI $875 UT/INCLUDED,https://sfbay.craigslist.org/nby/roo/d/san-rafael-place-you-can-call-home-with/6975720094.html,2019-09-10,11:45,$875,san rafael,True,None,None,100ft2
California,sfbay,nby,rooms & shares,6975717098,6244468086,RENTO CUARTO AMUEBLADO INCLUYENDO LAS UTILIDADES $875,https://sfbay.craigslist.org/nby/roo/d/rento-cuarto-amueblado-incluyendo-las/6975717098.html,2019-09-10,11:41,$875,san rafael,True,None,None,100ft2
California,sfbay,nby,rooms & shares,6975665100,None,CHEAP ROOM - FOREST KNOLLS,https://sfbay.craigslist.org/nby/roo/d/forest-knolls-cheap-room-forest-knolls/6975665100.html,2019-09-10,10:47,$800,fairfax,True,None,None,None
California,sfbay,nby,rooms & shares,6975645514,None,House share in Napa foothills,https://sfbay.craigslist.org/nby/roo/d/napa-house-share-in-napa-foothills/6975645514.html,2019-09-10,10:26,$850,napa county,True,None,None,None
California,sfbay,nby,rooms & shares,6975638346,None,Large Room w/ Private Bath $1100,https://sfbay.craigslist.org/nby/roo/d/santa-rosa-large-room-private-bath-1100/6975638346.html,2019-09-10,10:19,$1100,santa rosa,True,None,None,None
California,sfbay,nby,rooms & shares,6975624983,None,Bedroom available in Historic Burbank District,https://sfbay.craigslist.org/nby/roo/d/santa-rosa-bedroom-available-in/6975624983.html,2019-09-10,10:05,$850,santa rosa,True,None,None,110ft2
California,sfbay,nby,rooms & shares,6968338132,None,Charming modernized apartment across from nature oasis,https://sfbay.craigslist.org/nby/roo/d/santa-rosa-charming-modernized/6968338132.html,2019-09-10,09:18,$870,santa rosa,True,None,None,None
California,sfbay,nby,rooms & shares,6975573304,6904469437,Large Master Bedroom with Private Bath,https://sfbay.craigslist.org/nby/roo/d/santa-rosa-large-master-bedroom-with/6975573304.html,2019-09-10,09:11,$860,santa rosa,True,None,None,270ft2
California,sfbay,nby,rooms & shares,6975536777,6944570850,Looking for a roommate - San Anselmo,https://sfbay.craigslist.org/nby/roo/d/san-anselmo-looking-for-roommate-san/6975536777.html,2019-09-10,08:33,$1200,san anselmo,True,None,None,None
California,sfbay,nby,rooms & shares,6975498349,6954871723,Private room,https://sfbay.craigslist.org/nby/roo/d/ross-private-room/6975498349.html,2019-09-10,08:08,$1000,san rafael,True,None,None,None
California,sfbay,nby,rooms & shares,6975506305,6969141425,Room in Quiet L Section Home,https://sfbay.craigslist.org/nby/roo/d/cotati-room-in-quiet-section-home/6975506305.html,2019-09-10,07:59,$840,rohnert pk / cotati,True,None,None,144ft2
California,sfbay,nby,rooms & shares,6970951300,6921076134,Room 4 rent (college of Marin),https://sfbay.craigslist.org/nby/roo/d/corte-madera-room-4-rent-college-of/6970951300.html,2019-09-10,07:54,$1200,corte madera,True,None,None,120ft2
California,sfbay,nby,rooms & shares,6969554921,None,Nice room in a lovely home with own private bathroom,https://sfbay.craigslist.org/nby/roo/d/santa-rosa-nice-room-in-lovely-home/6969554921.html,2019-09-10,07:53,$925,santa rosa,True,None,None,150ft2
California,sfbay,nby,rooms & shares,6975498777,6680523609,"üçÅüçÇPrivate room with skylight, in MarinwoodüçÅüçÇ",https://sfbay.craigslist.org/nby/roo/d/ross-private-room-with-skylight-in/6975498777.html,2019-09-10,07:50,$950,san rafael,True,None,None,106ft2
California,sfbay,nby,rooms & shares,6969835638,None,Seeking 3rd Mature Housemate to share 3Br house,https://sfbay.craigslist.org/nby/roo/d/sebastopol-seeking-3rd-mature-housemate/6969835638.html,2019-09-10,07:34,$815,sebastopol,True,None,None,None
California,sfbay,nby,rooms & shares,6975462923,None,Room and Private Bath in our home plus large storage garage,https://sfbay.craigslist.org/nby/roo/d/san-anselmo-room-and-private-bath-in/6975462923.html,2019-09-10,07:06,$1200,fairfax,True,None,None,144ft2
California,sfbay,nby,rooms & shares,6969337273,6942457654,1 bedroom 1 bath for rent at great location!,https://sfbay.craigslist.org/nby/roo/d/santa-rosa-1-bedroom-1-bath-for-rent-at/6969337273.html,2019-09-10,06:16,$875,santa rosa,True,None,None,None
California,sfbay,nby,rooms & shares,6975353493,6892941411,Room in Beautiful Cottage,https://sfbay.craigslist.org/nby/roo/d/woodacre-room-in-beautiful-cottage/6975353493.html,2019-09-10,00:13,$723,fairfax,True,None,None,126ft2
California,sfbay,nby,rooms & shares,6975353401,6892941411,Room in Beautiful Cottage,https://sfbay.craigslist.org/nby/roo/d/woodacre-room-in-beautiful-cottage/6975353401.html,2019-09-10,00:12,$723,fairfax,True,None,None,126ft2
California,sfbay,nby,rooms & shares,6975352347,None,2 Bedrooms available,https://sfbay.craigslist.org/nby/roo/d/rohnert-park-2-bedrooms-available/6975352347.html,2019-09-10,00:03,$850,rohnert pk / cotati,True,None,None,None
California,sfbay,nby,rooms & shares,6975345521,None,3 Bedroom 1 Bath House Near Civic Center,https://sfbay.craigslist.org/nby/roo/d/san-rafael-3-bedroom-1-bath-house-near/6975345521.html,2019-09-09,23:08,$700,san rafael,True,None,None,144ft2
California,sfbay,nby,rooms & shares,6975343980,None,GREAT LOCATION! COTATI Rohnert Park area Room for rent,https://sfbay.craigslist.org/nby/roo/d/rohnert-park-great-location-cotati/6975343980.html,2019-09-09,22:58,$925,rohnert pk / cotati,True,None,None,155ft2
California,sfbay,nby,rooms & shares,6971701506,6965147444,Room for Rent in Convenient Location (Se Renta Cuarto),https://sfbay.craigslist.org/nby/roo/d/napa-room-for-rent-in-convenient/6971701506.html,2019-09-09,22:15,$800,napa county,True,None,None,None
California,sfbay,nby,rooms & shares,6971007327,6943703089,room for rent,https://sfbay.craigslist.org/nby/roo/d/fulton-room-for-rent/6971007327.html,2019-09-09,21:54,$1000,santa rosa,True,None,None,None
California,sfbay,nby,rooms & shares,6970061219,6964586233,"Shared townhouse, 2 bed, 2 story, 1.5 bath HUGE Master bedroom!!",https://sfbay.craigslist.org/nby/roo/d/cotati-shared-townhouse-2-bed-2-story/6970061219.html,2019-09-09,21:48,$950,rohnert pk / cotati,True,None,None,203ft2
California,sfbay,nby,rooms & shares,6962981957,6933543790,Yountville room,https://sfbay.craigslist.org/nby/roo/d/yountville-yountville-room/6962981957.html,2019-09-09,21:36,$900,napa county,True,None,None,12ft2
California,sfbay,nby,rooms & shares,6970970156,5999787897,Luxury Healdsburg Room Rental with Deck for 1 person,https://sfbay.craigslist.org/nby/roo/d/luxury-healdsburg-room-rental-with-deck/6970970156.html,2019-09-09,21:25,$850,healdsburg / windsor,True,None,None,None
California,sfbay,nby,rooms & shares,6957680515,None,"Furnished room w Bath, Utilities in American Canyon (south of Napa)",https://sfbay.craigslist.org/nby/roo/d/vallejo-furnished-room-bath-utilities/6957680515.html,2019-09-09,20:38,$850,napa county,True,None,None,120ft2
California,sfbay,nby,rooms & shares,6975309512,None,Beautiful master bedroom,https://sfbay.craigslist.org/nby/roo/d/santa-rosa-beautiful-master-bedroom/6975309512.html,2019-09-09,20:30,$800,santa rosa,True,None,None,None
California,sfbay,nby,rooms & shares,6975309521,5955771345,Master suite for rent,https://sfbay.craigslist.org/nby/roo/d/cotati-master-suite-for-rent/6975309521.html,2019-09-09,20:30,$1200,rohnert pk / cotati,True,None,None,144ft2
California,sfbay,nby,rooms & shares,6972336859,None,Room for rent,https://sfbay.craigslist.org/nby/roo/d/santa-rosa-room-for-rent/6972336859.html,2019-09-09,20:13,$740,santa rosa,True,None,None,None
California,sfbay,nby,rooms & shares,6975297917,5086910832,Sunny garden room,https://sfbay.craigslist.org/nby/roo/d/petaluma-sunny-garden-room/6975297917.html,2019-09-09,19:58,$650,petaluma,True,None,None,None
California,sfbay,nby,rooms & shares,6960397358,6906453554,room for rent in bennett valley,https://sfbay.craigslist.org/nby/roo/d/santa-rosa-room-for-rent-in-bennett/6960397358.html,2019-09-09,19:40,$775,santa rosa,True,None,None,187ft2
California,sfbay,nby,rooms & shares,6970075506,6964755512,Room with a view $1100,https://sfbay.craigslist.org/nby/roo/d/san-rafael-room-with-view-1100/6970075506.html,2019-09-09,19:21,$1100,san rafael,True,None,None,None
California,sfbay,nby,rooms & shares,6975266824,None,"Spacious (300 sf), furnished, light filled attic suite",https://sfbay.craigslist.org/nby/roo/d/sebastopol-spacious-300-sf-furnished/6975266824.html,2019-09-09,18:47,$1000,sebastopol,True,None,None,300ft2
California,sfbay,nby,rooms & shares,6975252067,6930094814,Furnished very large bedroom available,https://sfbay.craigslist.org/nby/roo/d/napa-furnished-very-large-bedroom/6975252067.html,2019-09-09,18:13,$1200,napa county,True,None,None,None
California,sfbay,nby,rooms & shares,6975249484,None,Master bedroom for rent,https://sfbay.craigslist.org/nby/roo/d/windsor-master-bedroom-for-rent/6975249484.html,2019-09-09,18:08,$1100,healdsburg / windsor,True,None,None,250ft2
California,sfbay,nby,rooms & shares,6967286446,5340537761,Short-term Room in Beautiful Townhouse (1-3 months),https://sfbay.craigslist.org/nby/roo/d/short-term-room-in-beautiful-townhouse/6967286446.html,2019-09-09,17:53,$1150,petaluma,True,None,None,1028ft2
California,sfbay,nby,rooms & shares,6969338228,6957448136,Room in 3 Bedroom Condo near SSU available NOW,https://sfbay.craigslist.org/nby/roo/d/rohnert-park-room-in-3-bedroom-condo/6969338228.html,2019-09-09,17:20,$700,rohnert pk / cotati,True,None,None,None
California,sfbay,nby,rooms & shares,6970437087,6803270741,Room for rent,https://sfbay.craigslist.org/nby/roo/d/santa-rosa-room-for-rent/6970437087.html,2019-09-09,17:13,$950,santa rosa,True,None,None,1950ft2
California,sfbay,nby,rooms & shares,6975205912,None,Room for rent( includes utilities!!),https://sfbay.craigslist.org/nby/roo/d/santa-rosa-room-for-rent-includes/6975205912.html,2019-09-09,16:52,$650,santa rosa,True,None,None,None
California,sfbay,nby,rooms & shares,6971511098,6939825585,Rincon Valley-Room for Rent-Furnished with Patio,https://sfbay.craigslist.org/nby/roo/d/santa-rosa-rincon-valley-room-for-rent/6971511098.html,2019-09-09,16:46,$800,santa rosa,True,None,None,None
California,sfbay,nby,rooms & shares,6975200631,6626130827,Room for rent quiet neighborhood $850,https://sfbay.craigslist.org/nby/roo/d/room-for-rent-quiet-neighborhood-850/6975200631.html,2019-09-09,16:43,$850,novato,True,None,None,110ft2
California,sfbay,nby,rooms & shares,6975197505,None,Cozy bedroom in young professional house,https://sfbay.craigslist.org/nby/roo/d/san-rafael-cozy-bedroom-in-young/6975197505.html,2019-09-09,16:38,$800,san rafael,True,None,None,None
California,sfbay,nby,rooms & shares,6975186675,6880081033,Room for rent,https://sfbay.craigslist.org/nby/roo/d/santa-rosa-room-for-rent/6975186675.html,2019-09-09,16:21,$700,santa rosa,True,None,None,None
California,sfbay,nby,rooms & shares,6970245793,6860081559,üåª Room that I'd like to rent Santa Rosa,https://sfbay.craigslist.org/nby/roo/d/santa-rosa-room-that-id-like-to-rent/6970245793.html,2019-09-09,15:41,$750,santa rosa,True,None,None,None
California,sfbay,nby,rooms & shares,6967220979,6695215416,Room for rent in 4 bedroom 2 bath home,https://sfbay.craigslist.org/nby/roo/d/san-rafael-room-for-rent-in-4-bedroom-2/6967220979.html,2019-09-09,14:58,$800,san rafael,True,None,None,None
California,sfbay,nby,rooms & shares,6975111648,4595994347,ROOM for Rent in NEW HOME,https://sfbay.craigslist.org/nby/roo/d/room-for-rent-in-new-home/6975111648.html,2019-09-09,14:38,$900,santa rosa,True,None,None,None
California,sfbay,nby,rooms & shares,6975099239,None,Room for Rent Marin wood,https://sfbay.craigslist.org/nby/roo/d/san-rafael-room-for-rent-marin-wood/6975099239.html,2019-09-09,14:23,$1000,san rafael,True,None,None,None
California,sfbay,nby,rooms & shares,6972317505,6945254020,Private Furnished Room - New Homes University District,https://sfbay.craigslist.org/nby/roo/d/rohnert-park-private-furnished-room-new/6972317505.html,2019-09-09,14:21,$950,rohnert pk / cotati,True,None,None,137ft2
California,sfbay,nby,rooms & shares,6975087436,6968093495,room for rent,https://sfbay.craigslist.org/nby/roo/d/santa-rosa-room-for-rent/6975087436.html,2019-09-09,14:09,$800,santa rosa,True,None,None,None
California,sfbay,nby,rooms & shares,6975078088,6927202476,Clean Fully Furnished Clean Shared Home with Everything You Want,https://sfbay.craigslist.org/nby/roo/d/santa-rosa-clean-fully-furnished-clean/6975078088.html,2019-09-09,13:59,$965,santa rosa,True,None,None,2000ft2
California,sfbay,nby,rooms & shares,6960055916,6924138515,"room available, share home, San Geronimo",https://sfbay.craigslist.org/nby/roo/d/san-geronimo-room-available-share-home/6960055916.html,2019-09-09,13:56,$1000,west marin,True,None,None,120ft2
California,sfbay,nby,rooms & shares,6975072202,4091053075,"Spacious Suite, All Inclusive, Downtown Napa",https://sfbay.craigslist.org/nby/roo/d/spacious-suite-all-inclusive-downtown/6975072202.html,2019-09-09,13:52,$1180,napa county,True,None,None,450ft2
California,sfbay,nby,rooms & shares,6971232392,None,Room for Rent - House Share,https://sfbay.craigslist.org/nby/roo/d/santa-rosa-room-for-rent-house-share/6971232392.html,2019-09-09,13:50,$500,santa rosa,True,None,None,None
California,sfbay,nby,rooms & shares,6966936167,6954513653,Spacious studio for rent in Sebastopol available September,https://sfbay.craigslist.org/nby/roo/d/camp-meeker-spacious-studio-for-rent-in/6966936167.html,2019-09-09,13:17,$1100,sebastopol,True,None,None,500ft2
California,sfbay,nby,rooms & shares,6954769795,6884041776,PRIVATE BEDROOM FOR RENT IN SAN MARIN HOME,https://sfbay.craigslist.org/nby/roo/d/novato-private-bedroom-for-rent-in-san/6954769795.html,2019-09-09,12:21,$975,novato,True,None,None,None
California,sfbay,nby,rooms & shares,6974987772,None,Room for rent in new beautiful home,https://sfbay.craigslist.org/nby/roo/d/cotati-room-for-rent-in-new-beautiful/6974987772.html,2019-09-09,12:18,$1200,rohnert pk / cotati,True,None,None,150ft2
California,sfbay,nby,rooms & shares,6974969256,6966699523,Room for rent September 15,https://sfbay.craigslist.org/nby/roo/d/napa-room-for-rent-september-15/6974969256.html,2019-09-09,11:58,$700,napa county,True,None,None,9ft2
California,sfbay,nby,rooms & shares,6974958519,6954118227,$700-800 Great for Students 5 bed 2 bath J Neighborhood Rooms for Rent,https://sfbay.craigslist.org/nby/roo/d/rohnert-park-great-for-students-5-bed-2/6974958519.html,2019-09-09,11:48,$700,rohnert pk / cotati,True,None,None,None
California,sfbay,nby,rooms & shares,6970823102,None,Newly Remodeled Rooms in Victorian in Downtown Santa Rosa,https://sfbay.craigslist.org/nby/roo/d/santa-rosa-newly-remodeled-rooms-in/6970823102.html,2019-09-09,11:45,$1000,santa rosa,True,None,None,None
California,sfbay,nby,rooms & shares,6974932194,6788646413,Monte Rio Share Rental - Furnished,https://sfbay.craigslist.org/nby/roo/d/monte-rio-monte-rio-share-rental/6974932194.html,2019-09-09,11:20,$690,russian river,True,None,None,None
California,sfbay,nby,rooms & shares,6974825306,None,Room for rent,https://sfbay.craigslist.org/nby/roo/d/san-jose-room-for-rent/6974825306.html,2019-09-09,11:14,$1000,petaluma,True,None,None,None
California,sfbay,nby,rooms & shares,6971367266,6929438837,Furnished Room available in beautiful House,https://sfbay.craigslist.org/nby/roo/d/fulton-furnished-room-available-in/6971367266.html,2019-09-09,11:06,$850,santa rosa,True,None,None,None
California,sfbay,nby,rooms & shares,6974882787,6941873998,Room,https://sfbay.craigslist.org/nby/roo/d/santa-rosa-room/6974882787.html,2019-09-09,10:31,$700,santa rosa,True,None,None,100ft2
California,sfbay,nby,rooms & shares,6974864358,None,"Room in friendly, easy going home.",https://sfbay.craigslist.org/nby/roo/d/santa-rosa-room-in-friendly-easy-going/6974864358.html,2019-09-09,10:13,$800,santa rosa,True,None,None,None
California,sfbay,nby,rooms & shares,6974851368,None,Roommate to share a 2BR apartment (lanai),https://sfbay.craigslist.org/nby/roo/d/fairfax-roommate-to-share-2br-apartment/6974851368.html,2019-09-09,10:00,$750,fairfax,True,None,None,None
California,sfbay,nby,rooms & shares,6965730410,6591933591,"Beautiful Eco Green Home, Lucas Valley Park & Open Space!",https://sfbay.craigslist.org/nby/roo/d/san-rafael-beautiful-eco-green-home/6965730410.html,2019-09-09,09:47,$995,san rafael,True,None,None,None
California,sfbay,nby,rooms & shares,6974826428,6955291763,1br. share in 3br.  /Gerstle Park / 1 person / no pets,https://sfbay.craigslist.org/nby/roo/d/san-rafael-1br-share-in-3br-gerstle/6974826428.html,2019-09-09,09:36,$960,san rafael,True,None,None,None
California,sfbay,nby,rooms & shares,6969558221,6914911836,Nice room for rent in newer home,https://sfbay.craigslist.org/nby/roo/d/fulton-nice-room-for-rent-in-newer-home/6969558221.html,2019-09-09,09:23,$995,santa rosa,True,None,None,None
California,sfbay,nby,rooms & shares,6968341357,6955510256,Room for rent,https://sfbay.craigslist.org/nby/roo/d/novato-room-for-rent/6968341357.html,2019-09-09,09:19,$1100,novato,True,None,None,120ft2
California,sfbay,nby,rooms & shares,6962930377,6718214335,**Large Bedroom Suite for one person - Available Now,https://sfbay.craigslist.org/nby/roo/d/cotati-large-bedroom-suite-for-one/6962930377.html,2019-09-09,09:13,$900,rohnert pk / cotati,True,None,None,None
California,sfbay,nby,rooms & shares,6969902035,6731561110,NAPA VERY NICE ROOM FOR RENT,https://sfbay.craigslist.org/nby/roo/d/napa-napa-very-nice-room-for-rent/6969902035.html,2019-09-09,09:10,$950,napa county,True,None,None,144ft2
California,sfbay,nby,rooms & shares,6974790837,6949453253,FURNISHED ROOM FOR RENT - UTIL INCL,https://sfbay.craigslist.org/nby/roo/d/santa-rosa-furnished-room-for-rent-util/6974790837.html,2019-09-09,09:08,$850,santa rosa,True,None,None,None
California,sfbay,nby,rooms & shares,6972908196,None,"Room available in nice house, great location!",https://sfbay.craigslist.org/nby/roo/d/santa-rosa-room-available-in-nice-house/6972908196.html,2019-09-09,08:53,$850,santa rosa,True,None,None,None
California,sfbay,nby,rooms & shares,6956564722,6932060117,"Room for rent, females only, no kids or pets",https://sfbay.craigslist.org/nby/roo/d/santa-rosa-room-for-rent-females-only/6956564722.html,2019-09-09,08:18,$800,santa rosa,True,None,None,None
California,sfbay,nby,rooms & shares,6974741167,4691632467,Room for Rent Bel Marin Keys.,https://sfbay.craigslist.org/nby/roo/d/san-rafael-room-for-rent-bel-marin-keys/6974741167.html,2019-09-09,08:12,$800,novato,True,None,None,184ft2
California,sfbay,nby,rooms & shares,6970452410,6927553349,Room for rent,https://sfbay.craigslist.org/nby/roo/d/petaluma-room-for-rent/6970452410.html,2019-09-09,06:44,$900,petaluma,True,None,None,500ft2
California,sfbay,nby,rooms & shares,6974555540,None,Master Bedroom w/Private Bath,https://sfbay.craigslist.org/nby/roo/d/napa-master-bedroom-private-bath/6974555540.html,2019-09-08,22:36,$1100,napa county,True,None,None,None
California,sfbay,nby,rooms & shares,6974548363,6597963032,Furnished Room for Rent,https://sfbay.craigslist.org/nby/roo/d/novato-furnished-room-for-rent/6974548363.html,2019-09-08,21:57,$1100,novato,True,None,None,150ft2
California,sfbay,nby,rooms & shares,6974538835,6963966273,BR with private in-suite bath 4 rent in Napa incl. all util&wifi,https://sfbay.craigslist.org/nby/roo/d/napa-br-with-private-in-suite-bath-4/6974538835.html,2019-09-08,21:15,$1200,napa county,True,None,None,None
California,sfbay,nby,rooms & shares,6974534720,6904529917,Master Suite for person 45 yrs. or older     $1150,https://sfbay.craigslist.org/nby/roo/d/san-rafael-master-suite-for-person-45/6974534720.html,2019-09-08,20:59,$1150,novato,True,None,None,320ft2
California,sfbay,nby,rooms & shares,6972091464,6760758102,Roommate Wanted (Glen Ellen),https://sfbay.craigslist.org/nby/roo/d/glen-ellen-roommate-wanted-glen-ellen/6972091464.html,2019-09-08,20:57,$600,sonoma,True,None,None,800ft2
California,sfbay,nby,rooms & shares,6961978953,None,Peaceful Room 10x13 for Rent in Beautiful Bennett Valley,https://sfbay.craigslist.org/nby/roo/d/santa-rosa-peaceful-room-10x13-for-rent/6961978953.html,2019-09-08,20:05,$975,santa rosa,True,None,None,130ft2
California,sfbay,nby,rooms & shares,6969553990,6964137621,Share rental has 1 bedroom & attached bathroom,https://sfbay.craigslist.org/nby/roo/d/santa-rosa-share-rental-has-1-bedroom/6969553990.html,2019-09-08,19:53,$1050,santa rosa,True,None,None,200ft2
California,sfbay,nby,rooms & shares,6972551647,6817211115,Furnished- Private entrance/bathroom/kitchenette- Separate from Home,https://sfbay.craigslist.org/nby/roo/d/santa-rosa-furnished-private-entrance/6972551647.html,2019-09-08,18:27,$1000,santa rosa,True,None,None,None
California,sfbay,nby,rooms & shares,6969978301,6887546677,Room in 3 bedroom available,https://sfbay.craigslist.org/nby/roo/d/petaluma-room-in-3-bedroom-available/6969978301.html,2019-09-08,18:09,$1150,petaluma,True,None,None,None
California,sfbay,nby,rooms & shares,6974466878,6865008871,Room 900$ Includes all utilities,https://sfbay.craigslist.org/nby/roo/d/fulton-room-900-includes-all-utilities/6974466878.html,2019-09-08,18:03,$900,santa rosa,True,None,None,None
California,sfbay,nby,rooms & shares,6967899404,6516402968,Furnished room for rent in Calistoga,https://sfbay.craigslist.org/nby/roo/d/calistoga-furnished-room-for-rent-in/6967899404.html,2019-09-08,17:44,$850,napa county,True,None,None,None
California,sfbay,nby,rooms & shares,6962492823,5405596836,"Room in quiet house, Mill Valley, $1100.",https://sfbay.craigslist.org/nby/roo/d/mill-valley-room-in-quiet-house-mill/6962492823.html,2019-09-08,16:13,$1100,mill valley,True,None,None,168ft2
California,sfbay,nby,rooms & shares,6967641016,6912375225,Quiet room available in 4-bedroom house,https://sfbay.craigslist.org/nby/roo/d/santa-rosa-quiet-room-available-in-4/6967641016.html,2019-09-08,14:17,$710,santa rosa,True,None,None,None
California,sfbay,nby,rooms & shares,6970993578,None,Condo Master Bedroom Available Oct 1st,https://sfbay.craigslist.org/nby/roo/d/santa-rosa-condo-master-bedroom/6970993578.html,2019-09-08,14:11,$1100,santa rosa,True,None,None,None
California,sfbay,nby,rooms & shares,6974303754,None,"10 x 12 foot plus walk in closet includes utilities,internet,tv channe",https://sfbay.craigslist.org/nby/roo/d/novato-foot-plus-walk-in-closet/6974303754.html,2019-09-08,13:27,$975,novato,True,None,None,None
California,sfbay,nby,rooms & shares,6974287923,6944570850,Room for Rent - San Anselmo,https://sfbay.craigslist.org/nby/roo/d/san-anselmo-room-for-rent-san-anselmo/6974287923.html,2019-09-08,13:04,$1050,san anselmo,True,None,None,None
California,sfbay,nby,rooms & shares,6969655881,None,Room for rent,https://sfbay.craigslist.org/nby/roo/d/rohnert-park-room-for-rent/6969655881.html,2019-09-08,13:01,$750,rohnert pk / cotati,True,None,None,130ft2
California,sfbay,nby,rooms & shares,6974245446,None,Room,https://sfbay.craigslist.org/nby/roo/d/santa-rosa-room/6974245446.html,2019-09-08,12:07,$550,santa rosa,True,None,None,132ft2
California,sfbay,nby,rooms & shares,6970142823,None,Beautiful room plus office for rent,https://sfbay.craigslist.org/nby/roo/d/santa-rosa-beautiful-room-plus-office/6970142823.html,2019-09-08,11:50,$1100,santa rosa,True,None,None,None
California,sfbay,nby,rooms & shares,6962450088,None,furnished room in gorgeous house 11‚Äôx11‚Äô,https://sfbay.craigslist.org/nby/roo/d/fairfax-furnished-room-in-gorgeous/6962450088.html,2019-09-08,11:47,$900,fairfax,True,None,1,121ft2
California,sfbay,nby,rooms & shares,6974198014,None,Room for rent- Temporary (4-6 weeks),https://sfbay.craigslist.org/nby/roo/d/novato-room-for-rent-temporary-4-6-weeks/6974198014.html,2019-09-08,11:04,$1000,novato,True,None,None,None
California,sfbay,nby,rooms & shares,6974176881,4821418241,Room For Rent for a Male,https://sfbay.craigslist.org/nby/roo/d/room-for-rent-for-male/6974176881.html,2019-09-08,10:36,$700,petaluma,True,None,None,None
California,sfbay,nby,rooms & shares,6974149867,6948884036,Short term rental in a beautiful location,https://sfbay.craigslist.org/nby/roo/d/larkspur-short-term-rental-in-beautiful/6974149867.html,2019-09-08,10:04,$1025,larkspur,True,None,None,132ft2
California,sfbay,nby,rooms & shares,6968339028,None,Charming Modernized Apartment across from Nature Oasis,https://sfbay.craigslist.org/nby/roo/d/santa-rosa-charming-modernized/6968339028.html,2019-09-08,09:42,$870,santa rosa,True,None,None,None
California,sfbay,nby,rooms & shares,6974134496,3695907311,ROHNERT PARK * ONE BEDROOM SHARE * UTILITIES INCLUDED **,https://sfbay.craigslist.org/nby/roo/d/rohnert-park-rohnert-park-one-bedroom/6974134496.html,2019-09-08,09:38,$695,ROHNERT PARK,True,None,None,None
California,sfbay,nby,rooms & shares,6969503657,6924396129,Seeking a special quiet male housemate in Forestville ($750),https://sfbay.craigslist.org/nby/roo/d/forestville-seeking-special-quiet-male/6969503657.html,2019-09-08,07:52,$750,russian river,True,None,None,120ft2
California,sfbay,nby,rooms & shares,6967548134,6613666962,Room for rent - nice remodeled house,https://sfbay.craigslist.org/nby/roo/d/santa-rosa-room-for-rent-nice-remodeled/6967548134.html,2019-09-08,00:35,$900,santa rosa,True,None,None,100ft2
California,sfbay,nby,rooms & shares,6963485981,None,Room for rent in petaluma,https://sfbay.craigslist.org/nby/roo/d/petaluma-room-for-rent-in-petaluma/6963485981.html,2019-09-07,23:34,$800,petaluma,True,None,None,None
California,sfbay,nby,rooms & shares,6973940862,6845571008,room for rent w/ private bath in quiet G section,https://sfbay.craigslist.org/nby/roo/d/rohnert-park-room-for-rent-private-bath/6973940862.html,2019-09-07,22:25,$850,rohnert pk / cotati,True,None,None,None
California,sfbay,nby,rooms & shares,6966494045,6923864159,"N.West S.Rosa Master w/ slider to patio, quiet cul-de-sac",https://sfbay.craigslist.org/nby/roo/d/santa-rosa-nwest-srosa-master-slider-to/6966494045.html,2019-09-07,22:21,$1000,santa rosa,True,None,None,186ft2
California,sfbay,nby,rooms & shares,6973938310,6957697008,"Bdrm in Private Home (Shared Bathroom, Female Pref, Utilities Included",https://sfbay.craigslist.org/nby/roo/d/novato-bdrm-in-private-home-shared/6973938310.html,2019-09-07,22:10,$950,novato,True,None,None,None
California,sfbay,nby,rooms & shares,6973897640,4810178374,Calistoga Beautiful Craftsman Flat,https://sfbay.craigslist.org/nby/roo/d/calistoga-beautiful-craftsman-flat/6973897640.html,2019-09-07,19:28,$850,napa county,True,None,None,None
California,sfbay,nby,rooms & shares,6973897213,6919781649,Room for rent - Available Now,https://sfbay.craigslist.org/nby/roo/d/rohnert-park-room-for-rent-available-now/6973897213.html,2019-09-07,19:27,$900,rohnert pk / cotati,True,None,None,None
California,sfbay,nby,rooms & shares,6973892758,None,Room in wonderful Rincon Valley apartment!,https://sfbay.craigslist.org/nby/roo/d/santa-rosa-room-in-wonderful-rincon/6973892758.html,2019-09-07,19:14,$850,santa rosa,True,None,None,None
California,sfbay,nby,rooms & shares,6973881871,None,Furnished Room in Spanish Style Mansion in North Napa,https://sfbay.craigslist.org/nby/roo/d/napa-furnished-room-in-spanish-style/6973881871.html,2019-09-07,18:43,$950,napa county,True,None,None,None
California,sfbay,nby,rooms & shares,6973878595,None,Corner Upstairs Furnished Room in Spanish Style Mansion,https://sfbay.craigslist.org/nby/roo/d/napa-corner-upstairs-furnished-room-in/6973878595.html,2019-09-07,18:35,$1000,napa county,True,None,None,None
California,sfbay,nby,rooms & shares,6969438551,None,Room for Rent $750,https://sfbay.craigslist.org/nby/roo/d/forest-knolls-room-for-rent-750/6969438551.html,2019-09-07,17:27,$750,west marin,True,None,None,85ft2
California,sfbay,nby,rooms & shares,6970202502,6768309260,Room in cozy condo,https://sfbay.craigslist.org/nby/roo/d/petaluma-room-in-cozy-condo/6970202502.html,2019-09-07,17:02,$800,petaluma,True,None,None,None
California,sfbay,nby,rooms & shares,6968947781,6763125559,West side room available,https://sfbay.craigslist.org/nby/roo/d/petaluma-west-side-room-available/6968947781.html,2019-09-07,17:01,$800,petaluma,True,None,None,None
California,sfbay,nby,rooms & shares,6973825408,4889665671,Room 4 Rent,https://sfbay.craigslist.org/nby/roo/d/room-4-rent/6973825408.html,2019-09-07,16:39,$650,santa rosa,True,None,None,None
California,sfbay,nby,rooms & shares,6973825083,4889665671,Room 4 Rent,https://sfbay.craigslist.org/nby/roo/d/room-4-rent/6973825083.html,2019-09-07,16:39,$650,santa rosa,True,None,None,None
California,sfbay,nby,rooms & shares,6973820716,6945007997,Two rooms for rent in The Riviera,https://sfbay.craigslist.org/nby/roo/d/clearlake-park-two-rooms-for-rent-in/6973820716.html,2019-09-07,16:30,$650,lake county,True,None,None,None
California,sfbay,nby,rooms & shares,6973804759,6178825085,room for rent- 750,https://sfbay.craigslist.org/nby/roo/d/room-for-rent-750/6973804759.html,2019-09-07,16:02,$750,santa rosa,True,None,None,11ft2
California,sfbay,nby,rooms & shares,6973768218,None,Bachelor Pad in Santa Rosa.  Come make friends,https://sfbay.craigslist.org/nby/roo/d/santa-rosa-bachelor-pad-in-santa-rosa/6973768218.html,2019-09-07,15:11,$875,santa rosa,True,None,None,None
California,sfbay,nby,rooms & shares,6973729691,None,Newer Room for rent!,https://sfbay.craigslist.org/nby/roo/d/santa-rosa-newer-room-for-rent/6973729691.html,2019-09-07,14:07,$850,santa rosa,True,None,None,None
California,sfbay,nby,rooms & shares,6973696918,6633857452,"room for rent on 6 acres, west petaluma.",https://sfbay.craigslist.org/nby/roo/d/petaluma-room-for-rent-on-6-acres-west/6973696918.html,2019-09-07,13:20,$975,petaluma,True,None,None,120ft2
California,sfbay,nby,rooms & shares,6965007599,None,Room for rent,https://sfbay.craigslist.org/nby/roo/d/sausalito-room-for-rent/6965007599.html,2019-09-07,13:06,$1150,sausalito,True,None,None,None
California,sfbay,nby,rooms & shares,6973666712,None,Room for Rent on Quiet Cul-De-Sac,https://sfbay.craigslist.org/nby/roo/d/santa-rosa-room-for-rent-on-quiet-cul/6973666712.html,2019-09-07,12:41,$725,santa rosa,True,None,None,125ft2
California,sfbay,nby,rooms & shares,6973638581,None,Looking to Share 3 BR House with Two Other Women,https://sfbay.craigslist.org/nby/roo/d/novato-looking-to-share-3-br-house-with/6973638581.html,2019-09-07,12:07,$975,novato,True,None,None,None
California,sfbay,nby,rooms & shares,6973628915,None,Room with own bathroom for rent,https://sfbay.craigslist.org/nby/roo/d/petaluma-room-with-own-bathroom-for-rent/6973628915.html,2019-09-07,11:56,$1200,petaluma,True,None,None,None
California,sfbay,nby,rooms & shares,6973597513,None,Room for rent,https://sfbay.craigslist.org/nby/roo/d/petaluma-room-for-rent/6973597513.html,2019-09-07,11:21,$850,petaluma,True,None,None,None
California,sfbay,nby,rooms & shares,6971419576,None,"Room available in nice house, great location!",https://sfbay.craigslist.org/nby/roo/d/santa-rosa-room-available-in-nice-house/6971419576.html,2019-09-07,11:02,$850,santa rosa,True,None,None,None
California,sfbay,nby,rooms & shares,6973556326,None,Private Room Shared Bath Near SRJC,https://sfbay.craigslist.org/nby/roo/d/santa-rosa-private-room-shared-bath/6973556326.html,2019-09-07,10:38,$700,santa rosa,True,None,None,95ft2
California,sfbay,nby,rooms & shares,6969785073,4733730292,Room behind SRJC,https://sfbay.craigslist.org/nby/roo/d/santa-rosa-room-behind-srjc/6969785073.html,2019-09-07,10:12,$1100,santa rosa,True,None,None,150ft2
California,sfbay,nby,rooms & shares,6973525833,6963742020,Master bedroom NW Santa Rosa - $1100,https://sfbay.craigslist.org/nby/roo/d/fulton-master-bedroom-nw-santa-rosa/6973525833.html,2019-09-07,10:03,$1100,santa rosa,True,None,None,215ft2
California,sfbay,nby,rooms & shares,6973480867,None,Share quiet 2bed 1bath; large room w/ walk in closet/cuarto grande,https://sfbay.craigslist.org/nby/roo/d/rohnert-park-share-quiet-2bed-1bath/6973480867.html,2019-09-07,09:13,$1150,rohnert pk / cotati,True,None,None,179ft2
California,sfbay,nby,rooms & shares,6969097552,6862561483,"Room available in 2 bedroom apt, downtown Fairfax. Avail asap",https://sfbay.craigslist.org/nby/roo/d/san-anselmo-room-available-in-2-bedroom/6969097552.html,2019-09-07,08:03,$1000,fairfax,True,None,None,130ft2
California,sfbay,nby,rooms & shares,6973353985,5434190870,Room for rent,https://sfbay.craigslist.org/nby/roo/d/san-rafael-room-for-rent/6973353985.html,2019-09-07,06:36,$950,novato,True,None,None,None
California,sfbay,nby,rooms & shares,6963630416,6463623994,$795 Room for rent Cordelia (Fairfield),https://sfbay.craigslist.org/nby/roo/d/fairfield-795-room-for-rent-cordelia/6963630416.html,2019-09-07,04:35,$795,napa county,True,None,None,2400ft2
California,sfbay,nby,rooms & shares,6970904904,6938704255,$875 Private room. Share house w/ ppl in their 20s,https://sfbay.craigslist.org/nby/roo/d/santa-rosa-875-private-room-share-house/6970904904.html,2019-09-07,00:58,$875,santa rosa,True,None,None,None
California,sfbay,nby,rooms & shares,6973270378,None,Temporary roommate wanted through end of year,https://sfbay.craigslist.org/nby/roo/d/santa-rosa-temporary-roommate-wanted/6973270378.html,2019-09-07,00:11,$1000,santa rosa,True,None,None,None
California,sfbay,nby,rooms & shares,6969319968,None,Master bedroom in G section house,https://sfbay.craigslist.org/nby/roo/d/rohnert-park-master-bedroom-in-section/6969319968.html,2019-09-06,21:32,$1100,rohnert pk / cotati,True,None,None,None
California,sfbay,nby,rooms & shares,6973242354,None,Room for rent close to SSU $800 utilities included,https://sfbay.craigslist.org/nby/roo/d/rohnert-park-room-for-rent-close-to-ssu/6973242354.html,2019-09-06,21:24,$800,rohnert pk / cotati,True,None,None,None
California,sfbay,nby,rooms & shares,6973232640,6574382033,"Sunny, private room, pool in charming 2 bd. Townhome, Ignacio",https://sfbay.craigslist.org/nby/roo/d/san-rafael-sunny-private-room-pool-in/6973232640.html,2019-09-06,20:46,$975,novato,True,None,None,None
California,sfbay,nby,rooms & shares,6964502267,6844602615,For RENT-A private room for rent in spacious Sebastopol home,https://sfbay.craigslist.org/nby/roo/d/sebastopol-for-rent-private-room-for/6964502267.html,2019-09-06,19:23,$900,sebastopol,True,None,None,None
California,sfbay,nby,rooms & shares,6973192460,None,Room for rent / cuarto de renta,https://sfbay.craigslist.org/nby/roo/d/cotati-room-for-rent-cuarto-de-renta/6973192460.html,2019-09-06,18:53,$850,rohnert pk / cotati,True,None,None,None
California,sfbay,nby,rooms & shares,6973172490,6961166448,Room For Rent Forestville-Hacienda Bridge Area,https://sfbay.craigslist.org/nby/roo/d/forestville-room-for-rent-forestville/6973172490.html,2019-09-06,18:09,$850,russian river,True,None,None,None
California,sfbay,nby,rooms & shares,6973166848,None,Available Room For Rent,https://sfbay.craigslist.org/nby/roo/d/rohnert-park-available-room-for-rent/6973166848.html,2019-09-06,18:02,$1000,rohnert pk / cotati,True,None,None,None
California,sfbay,nby,rooms & shares,6973142315,None,Large room for rent in Beautiful Townhouse,https://sfbay.craigslist.org/nby/roo/d/san-rafael-large-room-for-rent-in/6973142315.html,2019-09-06,17:12,$925,san rafael,True,None,None,200ft2
California,sfbay,nby,rooms & shares,6973137604,6951133608,Downstairs Furnished Room in North Napa,https://sfbay.craigslist.org/nby/roo/d/napa-downstairs-furnished-room-in-north/6973137604.html,2019-09-06,17:04,$850,napa county,True,None,None,None
California,sfbay,nby,rooms & shares,6973137041,6955338115,"Upstairs Room, Private Entrance, Private Bathroom",https://sfbay.craigslist.org/nby/roo/d/napa-upstairs-room-private-entrance/6973137041.html,2019-09-06,17:03,$1200,napa county,True,None,None,None
California,sfbay,nby,rooms & shares,6965029742,6949453253,FURNISHED ROOM FOR RENT - UTIL INCL,https://sfbay.craigslist.org/nby/roo/d/santa-rosa-furnished-room-for-rent-util/6965029742.html,2019-09-06,15:54,$850,santa rosa,True,None,None,None
California,sfbay,nby,rooms & shares,6973080115,None,$850 /Includes Utilities; One bedroom in quite home in NW Santa Rosa!,https://sfbay.craigslist.org/nby/roo/d/santa-rosa-850-includes-utilities-one/6973080115.html,2019-09-06,15:35,$850,santa rosa,True,None,None,100ft2
California,sfbay,nby,rooms & shares,6955919735,6940094483,Russian River Haven Nice Room - Own Bathroom,https://sfbay.craigslist.org/nby/roo/d/forestville-russian-river-haven-nice/6955919735.html,2019-09-06,15:27,$1000,sonoma,True,None,None,200ft2
California,sfbay,nby,rooms & shares,6971442872,None,Room for rent by Golf Course,https://sfbay.craigslist.org/nby/roo/d/rohnert-park-room-for-rent-by-golf/6971442872.html,2019-09-06,15:17,$1000,rohnert pk / cotati,True,None,None,None
California,sfbay,nby,rooms & shares,6973031369,None,SEEKING 1 roommate in Petaluma,https://sfbay.craigslist.org/nby/roo/d/petaluma-seeking-1-roommate-in-petaluma/6973031369.html,2019-09-06,14:30,$900,petaluma,True,None,None,None
California,sfbay,nby,rooms & shares,6973011102,6848164425,Benicia room exquisite amenities enchanting waterside village.,https://sfbay.craigslist.org/nby/roo/d/port-costa-benicia-room-exquisite/6973011102.html,2019-09-06,14:05,$750,benicia ca,True,None,None,145ft2
California,sfbay,nby,rooms & shares,6973004027,6782419838,Beautiful Room Available For Female in Benicia CA.,https://sfbay.craigslist.org/nby/roo/d/benicia-beautiful-room-available-for/6973004027.html,2019-09-06,13:57,$725,benicia ca,True,None,None,120ft2
California,sfbay,nby,rooms & shares,6972880802,6543481940,"PVT. ROOM ON HILLSIDE, CLOSE TO A.DESK, D.COLL, M. GEN, KAISER",https://sfbay.craigslist.org/nby/roo/d/greenbrae-pvt-room-on-hillside-close-to/6972880802.html,2019-09-06,11:40,$825,san rafael,True,None,None,100ft2
California,sfbay,nby,rooms & shares,6968592489,None,Rooms for rent 650,https://sfbay.craigslist.org/nby/roo/d/penngrove-rooms-for-rent-650/6968592489.html,2019-09-06,11:35,$650,rohnert pk / cotati,True,None,None,None
California,sfbay,nby,rooms & shares,6972846465,None,Short Term Furnished Room in Beautiful Family Home,https://sfbay.craigslist.org/nby/roo/d/windsor-short-term-furnished-room-in/6972846465.html,2019-09-06,11:05,$900,healdsburg / windsor,True,None,None,None
California,sfbay,nby,rooms & shares,6972835398,6945833827,Large Bdrm. w/Private Bath near Ocean,https://sfbay.craigslist.org/nby/roo/d/caspar-large-bdrm-private-bath-near/6972835398.html,2019-09-06,10:54,$750,"Fort Bragg, CA",True,None,None,250ft2
California,sfbay,nby,rooms & shares,6972818392,None,Private furnished room for rent.,https://sfbay.craigslist.org/nby/roo/d/san-rafael-private-furnished-room-for/6972818392.html,2019-09-06,10:36,$895,san rafael,True,None,None,100ft2
California,sfbay,nby,rooms & shares,6970938036,None,Private furnished room for rent.,https://sfbay.craigslist.org/nby/roo/d/san-rafael-private-furnished-room-for/6970938036.html,2019-09-06,10:05,$895,san rafael,True,None,None,100ft2
California,sfbay,nby,rooms & shares,6972735861,6952482534,Room for rent $950 a month,https://sfbay.craigslist.org/nby/roo/d/santa-rosa-room-for-rent-950-month/6972735861.html,2019-09-06,09:12,$950,santa rosa,True,None,None,110ft2
California,sfbay,nby,rooms & shares,6972509725,None,Spacious master bedroom for rent with private bathroom - room for rent,https://sfbay.craigslist.org/nby/roo/d/napa-spacious-master-bedroom-for-rent/6972509725.html,2019-09-05,23:48,$950,napa county,True,None,None,None
California,sfbay,nby,rooms & shares,6972500382,None,Novato Furnished Condo Room to Rent,https://sfbay.craigslist.org/nby/roo/d/novato-novato-furnished-condo-room-to/6972500382.html,2019-09-05,22:47,$975,novato,True,None,None,899ft2
California,sfbay,nby,rooms & shares,6966252261,6828687714,"Room available in comfy, modern 2007 home",https://sfbay.craigslist.org/nby/roo/d/santa-rosa-room-available-in-comfy/6966252261.html,2019-09-05,21:18,$900,santa rosa,True,None,None,None
California,sfbay,nby,rooms & shares,6964423049,6906484575,Room/Private Bath for Rent in House on Quiet Street,https://sfbay.craigslist.org/nby/roo/d/sonoma-room-private-bath-for-rent-in/6964423049.html,2019-09-05,19:49,$1000,sonoma,True,None,None,None
California,sfbay,nby,rooms & shares,6972400024,None,Large & quiet room w/walk in closet in 2bed 1bath/cuarto privado,https://sfbay.craigslist.org/nby/roo/d/rohnert-park-large-quiet-room-walk-in/6972400024.html,2019-09-05,17:48,$1150,rohnert pk / cotati,True,None,None,179ft2
California,sfbay,nby,rooms & shares,6972342807,6577172687,Room for Rent with View,https://sfbay.craigslist.org/nby/roo/d/san-rafael-room-for-rent-with-view/6972342807.html,2019-09-05,16:06,$880,novato,True,None,None,None
California,sfbay,nby,rooms & shares,6972331539,6711595655,Room for rent in a spacious 4 bed home,https://sfbay.craigslist.org/nby/roo/d/rohnert-park-room-for-rent-in-spacious/6972331539.html,2019-09-05,15:49,$1050,rohnert pk / cotati,True,None,None,1500ft2
California,sfbay,nby,rooms & shares,6968962239,5635347944,Private Room w/Jacuzzi Tub in Calistoga,https://sfbay.craigslist.org/nby/roo/d/private-room-jacuzzi-tub-in-calistoga/6968962239.html,2019-09-05,14:02,$900,napa county,True,None,None,None
California,sfbay,nby,rooms & shares,6967835046,6234008024,"Mill Valley commuters special  2bdrm 2bath private ,",https://sfbay.craigslist.org/nby/roo/d/corte-madera-mill-valley-commuters/6967835046.html,2019-09-05,13:54,$1075,mill valley,True,None,None,None
California,sfbay,nby,rooms & shares,6972223238,6959609534,Room for rent 1 block from SSU,https://sfbay.craigslist.org/nby/roo/d/rohnert-park-room-for-rent-1-block-from/6972223238.html,2019-09-05,13:25,$900,rohnert pk / cotati,True,None,None,None
California,sfbay,nby,rooms & shares,6972222920,6959609534,Room for rent 1 block from SSU,https://sfbay.craigslist.org/nby/roo/d/rohnert-park-room-for-rent-1-block-from/6972222920.html,2019-09-05,13:24,$900,rohnert pk / cotati,True,None,None,None
California,sfbay,nby,rooms & shares,6972187036,6942476014,Room for rent,https://sfbay.craigslist.org/nby/roo/d/petaluma-room-for-rent/6972187036.html,2019-09-05,12:43,$950,petaluma,True,None,None,None
California,sfbay,nby,rooms & shares,6972137172,6963811782,Share rental - 1 bedroom- Santa Rosa,https://sfbay.craigslist.org/nby/roo/d/santa-rosa-share-rental-1-bedroom-santa/6972137172.html,2019-09-05,11:47,$850,santa rosa,True,None,None,None
California,sfbay,nby,rooms & shares,6971994229,6891870775,Nice Room for Rent,https://sfbay.craigslist.org/nby/roo/d/petaluma-nice-room-for-rent/6971994229.html,2019-09-05,09:15,$895,petaluma,True,None,None,None
California,sfbay,nby,rooms & shares,6967644175,None,Room Opening Up In Spacious 4Bdr 2.5Bath Townhouse!,https://sfbay.craigslist.org/nby/roo/d/san-rafael-room-opening-up-in-spacious/6967644175.html,2019-09-05,08:45,$1100,san rafael,True,None,None,192ft2
California,sfbay,nby,rooms & shares,6952737040,5973642019,Room for Rent in Beautiful Sausalito House,https://sfbay.craigslist.org/nby/roo/d/sausalito-room-for-rent-in-beautiful/6952737040.html,2019-09-05,02:22,$1200,sausalito,True,None,None,None
California,sfbay,nby,rooms & shares,6967885535,4944100391,Room with private entrance in Fairfax home,https://sfbay.craigslist.org/nby/roo/d/room-with-private-entrance-in-fairfax/6967885535.html,2019-09-05,02:04,$1100,fairfax,True,None,None,140ft2
California,sfbay,nby,rooms & shares,6971775325,None,Great location bedroomw/ private bath,https://sfbay.craigslist.org/nby/roo/d/greenbrae-great-location-bedroomw/6971775325.html,2019-09-05,00:54,$900,greenbrae,True,None,None,100ft2
California,sfbay,nby,rooms & shares,6971769973,None,Room in Novato Shared House,https://sfbay.craigslist.org/nby/roo/d/novato-room-in-novato-shared-house/6971769973.html,2019-09-04,23:29,$890,novato,True,None,None,140ft2
California,sfbay,nby,rooms & shares,6971760390,4091053075,"Spacious Suite, All Inclusive, Downtown Napa",https://sfbay.craigslist.org/nby/roo/d/spacious-suite-all-inclusive-downtown/6971760390.html,2019-09-04,22:29,$1180,napa county,True,None,None,450ft2
California,sfbay,nby,rooms & shares,6971726441,6750241947,Room for rent in beautiful gated community,https://sfbay.craigslist.org/nby/roo/d/santa-rosa-room-for-rent-in-beautiful/6971726441.html,2019-09-04,20:19,$1050,santa rosa,True,None,None,None
California,sfbay,nby,rooms & shares,6971721659,None,Room for rent in a three bed house,https://sfbay.craigslist.org/nby/roo/d/napa-room-for-rent-in-three-bed-house/6971721659.html,2019-09-04,20:06,$1050,napa county,True,None,None,None
California,sfbay,nby,rooms & shares,6971696285,None,Room for Rent October,https://sfbay.craigslist.org/nby/roo/d/petaluma-room-for-rent-october/6971696285.html,2019-09-04,19:04,$900,petaluma,True,None,None,1750ft2
California,sfbay,nby,rooms & shares,6968262485,None,Forest Knolls Private Room & Bath Avail. October 1st,https://sfbay.craigslist.org/nby/roo/d/forest-knolls-forest-knolls-private/6968262485.html,2019-09-04,18:14,$850,west marin,True,None,None,None
California,sfbay,nby,rooms & shares,6971657002,None,"Furnished room for rent in 4 bedroom home, North Napa",https://sfbay.craigslist.org/nby/roo/d/napa-furnished-room-for-rent-in-4/6971657002.html,2019-09-04,17:42,$1050,napa county,True,None,None,None
California,sfbay,nby,rooms & shares,6971653814,None,Peaceful newer country home to share for mature woman,https://sfbay.craigslist.org/nby/roo/d/penngrove-peaceful-newer-country-home/6971653814.html,2019-09-04,17:36,$1200,rohnert pk / cotati,True,None,None,None
California,sfbay,nby,rooms & shares,6971643054,None,Funished Private Room w Private Bath on West Side,https://sfbay.craigslist.org/nby/roo/d/petaluma-funished-private-room-private/6971643054.html,2019-09-04,17:17,$1100,petaluma,True,None,None,500ft2
California,sfbay,nby,rooms & shares,6971642515,6932850036,Single rooms in brand new 3 bedroom House,https://sfbay.craigslist.org/nby/roo/d/cotati-single-rooms-in-brand-new-3/6971642515.html,2019-09-04,17:16,$950,rohnert pk / cotati,True,None,None,130ft2
California,sfbay,nby,rooms & shares,6963677070,None,ÂçóÁÅ£ÈõÖÊàøÂá∫Áßü,https://sfbay.craigslist.org/nby/roo/d/san-jose/6963677070.html,2019-09-04,17:15,$750,San Jose,True,None,None,125ft2
California,sfbay,nby,rooms & shares,6959660403,None,Large room with private bathroom!,https://sfbay.craigslist.org/nby/roo/d/santa-rosa-large-room-with-private/6959660403.html,2019-09-04,15:45,$850,santa rosa,True,None,None,None
California,sfbay,nby,rooms & shares,6951478421,6890736962,Room for rent in Larkfield,https://sfbay.craigslist.org/nby/roo/d/fulton-room-for-rent-in-larkfield/6951478421.html,2019-09-04,12:49,$950,santa rosa,True,None,None,None
California,sfbay,nby,rooms & shares,6971403205,6931309859,"Recently Remolded Apt. Share, Smart Train Petaluma",https://sfbay.craigslist.org/nby/roo/d/petaluma-recently-remolded-apt-share/6971403205.html,2019-09-04,12:04,$1050,petaluma,True,None,None,None
California,sfbay,nby,rooms & shares,6965700940,6942007100,room for rent,https://sfbay.craigslist.org/nby/roo/d/rohnert-park-room-for-rent/6965700940.html,2019-09-04,11:45,$830,rohnert pk / cotati,True,None,None,None
California,sfbay,nby,rooms & shares,6971322871,6146914270,Master Bedroom in the Windsor Town Green,https://sfbay.craigslist.org/nby/roo/d/master-bedroom-in-the-windsor-town-green/6971322871.html,2019-09-04,10:39,$1200,healdsburg / windsor,True,None,None,None
California,sfbay,nby,rooms & shares,6971292219,None,Female Housemate 850.00,https://sfbay.craigslist.org/nby/roo/d/kenwood-female-housemate-85000/6971292219.html,2019-09-04,10:07,$850,sonoma,True,None,None,11ft2
California,sfbay,nby,rooms & shares,6971284008,None,Room for Rent,https://sfbay.craigslist.org/nby/roo/d/napa-room-for-rent/6971284008.html,2019-09-04,09:59,$800,napa county,True,None,None,1000ft2
California,sfbay,nby,rooms & shares,6959572810,None,Room for rent/private bath - single occupancy,https://sfbay.craigslist.org/nby/roo/d/napa-room-for-rent-private-bath-single/6959572810.html,2019-09-03,20:55,$1000,napa county,True,None,None,None
California,sfbay,nby,rooms & shares,6970918351,4787756433,Available October 1st: 1 Room in 4BR in American Canyon,https://sfbay.craigslist.org/nby/roo/d/available-october-1st-1-room-in-4br-in/6970918351.html,2019-09-03,18:19,$750,napa county,True,None,None,None
California,sfbay,nby,rooms & shares,6970893300,None,All utilities included room for rent,https://sfbay.craigslist.org/nby/roo/d/hidden-valley-lake-all-utilities/6970893300.html,2019-09-03,17:33,$650,lake county,True,None,None,None
California,sfbay,nby,rooms & shares,6951212978,5405596836,"Chill house with view close to SF in Mill Valley, $900",https://sfbay.craigslist.org/nby/roo/d/mill-valley-chill-house-with-view-close/6951212978.html,2019-09-03,17:22,$900,mill valley,True,None,None,156ft2
California,sfbay,nby,rooms & shares,6970851832,6152975525,HUGE ROOM 4RENT TERRA LINDA ACROSS FROM MALL,https://sfbay.craigslist.org/nby/roo/d/huge-room-4rent-terra-linda-across-from/6970851832.html,2019-09-03,16:25,$1200,san rafael,True,None,None,None
California,sfbay,nby,rooms & shares,6970797937,6773720644,"11X12rm, 8ft ceilings.deck,storage,bath house, private",https://sfbay.craigslist.org/nby/roo/d/petaluma-11x12rm-8ft/6970797937.html,2019-09-03,15:09,$1000,petaluma,True,None,None,None
California,sfbay,nby,rooms & shares,6970787713,6928064170,Share Furnished 1 bedroom in Townhouse off Marlow,https://sfbay.craigslist.org/nby/roo/d/santa-rosa-share-furnished-1-bedroom-in/6970787713.html,2019-09-03,14:57,$860,santa rosa,True,None,None,90ft2
California,sfbay,nby,rooms & shares,6970709242,6859327998,Cozy bedroom in young professional house,https://sfbay.craigslist.org/nby/roo/d/san-rafael-cozy-bedroom-in-young/6970709242.html,2019-09-03,13:24,$800,san rafael,True,None,None,None
California,sfbay,nby,rooms & shares,6962183759,6633660542,LARGE ROOM RENTAL - Beautiful renovated home,https://sfbay.craigslist.org/nby/roo/d/windsor-large-room-rental-beautiful/6962183759.html,2019-09-03,12:51,$925,healdsburg / windsor,True,None,None,None
California,sfbay,nby,rooms & shares,6970593936,6225972610,Room for rent in Spinnaker Point Townhouse,https://sfbay.craigslist.org/nby/roo/d/san-rafael-room-for-rent-in-spinnaker/6970593936.html,2019-09-03,11:16,$1100,san rafael,True,None,None,168ft2
California,sfbay,nby,rooms & shares,6970576440,6671896677,Lrg room FP private yard access WIFI,https://sfbay.craigslist.org/nby/roo/d/rohnert-park-lrg-room-fp-private-yard/6970576440.html,2019-09-03,10:58,$900,rohnert pk / cotati,True,None,None,240ft2
California,sfbay,nby,rooms & shares,6970575688,None,Room for rent,https://sfbay.craigslist.org/nby/roo/d/santa-rosa-room-for-rent/6970575688.html,2019-09-03,10:57,$850,santa rosa,True,None,None,120ft2
California,sfbay,nby,rooms & shares,6970565739,6671896677,Lrg room FP private yard access WIFI,https://sfbay.craigslist.org/nby/roo/d/rohnert-park-lrg-room-fp-private-yard/6970565739.html,2019-09-03,10:47,$900,rohnert pk / cotati,True,None,None,240ft2
California,sfbay,nby,rooms & shares,6970487667,None,Extra large master suite utilities included,https://sfbay.craigslist.org/nby/roo/d/santa-rosa-extra-large-master-suite/6970487667.html,2019-09-03,09:30,$950,santa rosa,True,None,None,325ft2
California,sfbay,nby,rooms & shares,6967338042,6961229268,Room 4 Rent,https://sfbay.craigslist.org/nby/roo/d/rohnert-park-room-4-rent/6967338042.html,2019-09-03,07:15,$800,rohnert pk / cotati,True,None,None,None
California,sfbay,nby,rooms & shares,6970323131,6793085682,Commuter room,https://sfbay.craigslist.org/nby/roo/d/novato-commuter-room/6970323131.html,2019-09-03,06:15,$800,petaluma,True,None,None,None
California,sfbay,nby,rooms & shares,6970251669,6941873998,Room,https://sfbay.craigslist.org/nby/roo/d/santa-rosa-room/6970251669.html,2019-09-03,00:25,$700,santa rosa,True,None,None,100ft2
California,sfbay,nby,sublets & temporary,6975796384,6968168402,One bed luxury condo available Sublet! All Bills Paid,https://sfbay.craigslist.org/nby/sub/d/napa-one-bed-luxury-condo-available/6975796384.html,2019-09-10,13:24,$950,napa county,True,None,1,755ft2
California,sfbay,nby,sublets & temporary,6975581471,6910135178,Furnished Hillside Retreat,https://sfbay.craigslist.org/nby/sub/d/fairfax-furnished-hillside-retreat/6975581471.html,2019-09-10,09:20,$1000,fairfax,True,None,1,None
California,sfbay,nby,sublets & temporary,6975513044,None,One bedroom in law with private entrance,https://sfbay.craigslist.org/nby/sub/d/vallejo-one-bedroom-in-law-with-private/6975513044.html,2019-09-10,08:06,$900,napa county,True,None,1,None
California,sfbay,nby,sublets & temporary,6975353752,6948244614,Room in Beautiful Cottage,https://sfbay.craigslist.org/nby/sub/d/woodacre-room-in-beautiful-cottage/6975353752.html,2019-09-10,00:16,$723,fairfax,True,None,1,None
California,sfbay,nby,sublets & temporary,6960433362,None,Short term sublet in Charming Cottage in Woodacre Near Fairfax,https://sfbay.craigslist.org/nby/sub/d/woodacre-short-term-sublet-in-charming/6960433362.html,2019-09-09,18:11,$723,fairfax,True,None,1,None
California,sfbay,nby,sublets & temporary,6967286967,5340537761,Short-term -  Room Available in Beautiful Townhouse (1-3 months),https://sfbay.craigslist.org/nby/sub/d/petaluma-short-term-room-available-in/6967286967.html,2019-09-09,17:54,$1150,petaluma,True,None,None,1028ft2
California,sfbay,nby,sublets & temporary,6975085781,6973166873,Super Comfortable Room in Elegant Shared Home,https://sfbay.craigslist.org/nby/sub/d/santa-rosa-super-comfortable-room-in/6975085781.html,2019-09-09,14:07,$1185,santa rosa,True,None,1,2000ft2
California,sfbay,nby,sublets & temporary,6969931440,6543481940,"Two Private Hill Side Tents, CLOSE TO A.DESK, D.COLL, M. GEN, KAI",https://sfbay.craigslist.org/nby/sub/d/greenbrae-two-private-hill-side-tents/6969931440.html,2019-09-09,12:25,$650,san rafael,True,None,1,150ft2
California,sfbay,nby,sublets & temporary,6974500384,None,room available mid oct through december,https://sfbay.craigslist.org/nby/sub/d/corte-madera-room-available-mid-oct/6974500384.html,2019-09-08,19:16,$850,corte madera,True,None,3,None
California,sfbay,nby,sublets & temporary,6974458617,None,Silver streak trailer/ tiny home sublet,https://sfbay.craigslist.org/nby/sub/d/valley-ford-silver-streak-trailer-tiny/6974458617.html,2019-09-08,17:48,$950,sebastopol,True,None,None,None
California,sfbay,nby,sublets & temporary,6971430706,None,Santa Rosa Wine Country- Condo-Furnished Bedroom,https://sfbay.craigslist.org/nby/sub/d/santa-rosa-santa-rosa-wine-country/6971430706.html,2019-09-08,13:29,$1090,santa rosa,True,None,2,1199ft2
California,sfbay,nby,sublets & temporary,6966825464,5166547260,Private River View Sublet,https://sfbay.craigslist.org/nby/sub/d/private-river-view-sublet/6966825464.html,2019-09-07,20:45,$1200,russian river,True,None,1,1000ft2
California,sfbay,nby,sublets & temporary,6973258069,6852046815,"Bedroom in shared house -- great views, near hiking trails.",https://sfbay.craigslist.org/nby/sub/d/mill-valley-bedroom-in-shared-house/6973258069.html,2019-09-06,22:43,$1100,mill valley,True,None,None,None
California,sfbay,nby,sublets & temporary,6972743679,6680416501,Master Suite in San Rafael,https://sfbay.craigslist.org/nby/sub/d/san-rafael-master-suite-in-san-rafael/6972743679.html,2019-09-06,09:20,$900,san rafael,True,None,1,None
California,sfbay,nby,sublets & temporary,6964252212,None,"Charming, peaceful 1 Bedroom Mill Valley Cottage",https://sfbay.craigslist.org/nby/sub/d/mill-valley-charming-peaceful-1-bedroom/6964252212.html,2019-09-06,02:30,$1000,mill valley,True,None,1,700ft2
California,sfbay,nby,sublets & temporary,6971212249,6912333996,Private room/shared bath along Matanzas Creek near Downtown Santa Rosa,https://sfbay.craigslist.org/nby/sub/d/santa-rosa-private-room-shared-bath/6971212249.html,2019-09-04,08:45,$700,santa rosa,True,None,3,None
California,sfbay,nby,sublets & temporary,6968334495,6782277918,Room 4 Rent,https://sfbay.craigslist.org/nby/sub/d/fulton-room-4-rent/6968334495.html,2019-09-03,21:50,$650,santa rosa,True,None,None,None
